"","Kingdom","Phylum","Class","Order","Family","Genus","Species"
"ASV_1","k__Fungi","p__Ascomycota","c__Sordariomycetes","o__Hypocreales","f__Nectriaceae","g__Neonectria","s__faginata"
"ASV_2","k__Fungi","p__Ascomycota","c__Dothideomycetes","o__Pleosporales","f__Cucurbitariaceae","g__Neocucurbitaria",NA
"ASV_3","k__Fungi","p__Ascomycota","c__Dothideomycetes","o__Pleosporales","f__Cucurbitariaceae","g__Neocucurbitaria","s__vachelliae"
"ASV_4","k__Fungi","p__Ascomycota","c__Sordariomycetes","o__Hypocreales","f__Nectriaceae","g__Neonectria","s__ditissima"
"ASV_5","k__Fungi","p__Basidiomycota","c__Tremellomycetes","o__Tremellales","f__Bulleribasidiaceae","g__Hannaella","s__surugaensis"
"ASV_6","k__Fungi","p__Ascomycota","c__Sordariomycetes","o__Diaporthales","f__Diaporthaceae","g__Asterosporium","s__hoffmannii"
"ASV_7","k__Fungi","p__Ascomycota","c__Dothideomycetes","o__Pleosporales","f__Pleosporales_fam_Incertae_sedis","g__Neohendersonia","s__kickxii"
"ASV_8","k__Fungi","p__Ascomycota","c__Sordariomycetes","o__Diaporthales","f__Diaporthaceae","g__Asterosporium","s__hoffmannii"
"ASV_9","k__Fungi","p__Ascomycota","c__Dothideomycetes","o__Pleosporales","f__Phaeosphaeriaceae","g__Acericola","s__italica"
"ASV_10","k__Fungi","p__Ascomycota","c__Dothideomycetes","o__Pleosporales","f__Coniothyriaceae","g__Coniothyrium",NA
"ASV_11","k__Fungi","p__Ascomycota","c__Dothideomycetes","o__Pleosporales","f__Phaeosphaeriaceae","g__Acericola","s__italica"
"ASV_12","k__Fungi","p__Ascomycota","c__Dothideomycetes","o__Capnodiales","f__Cladosporiaceae","g__Cladosporium",NA
"ASV_13","k__Fungi","p__Ascomycota","c__Dothideomycetes","o__Pleosporales","f__Corynesporascaceae","g__Corynespora",NA
"ASV_14","k__Fungi","p__Ascomycota","c__Dothideomycetes","o__Pleosporales","f__Occultibambusaceae","g__Brunneofusispora","s__sinensis"
"ASV_15","k__Fungi","p__Ascomycota","c__Sordariomycetes","o__Hypocreales","f__Nectriaceae","g__Fusarium","s__solani"
"ASV_16","k__Fungi","p__Ascomycota","c__Sordariomycetes","o__Hypocreales","f__Bionectriaceae","g__Clonostachys","s__rosea"
"ASV_17","k__Fungi","p__Ascomycota","c__Sordariomycetes","o__Calosphaeriales","f__Pleurostomataceae","g__Pleurostoma",NA
"ASV_18","k__Fungi","p__Ascomycota","c__Dothideomycetes","o__Pleosporales","f__Thyridariaceae",NA,NA
"ASV_19","k__Fungi","p__Ascomycota","c__Sordariomycetes","o__Hypocreales","f__Nectriaceae",NA,NA
"ASV_20","k__Fungi","p__Ascomycota","c__Sordariomycetes","o__Diaporthales","f__Diaporthaceae","g__Asterosporium","s__hoffmannii"
"ASV_21","k__Fungi","p__Ascomycota","c__Sordariomycetes","o__Hypocreales","f__Bionectriaceae","g__Clonostachys","s__rosea"
"ASV_22","k__Fungi","p__Ascomycota","c__Dothideomycetes","o__Pleosporales","f__Pleosporales_fam_Incertae_sedis","g__Nigrograna",NA
"ASV_23","k__Fungi","p__Ascomycota","c__Dothideomycetes","o__Pleosporales","f__Occultibambusaceae","g__Brunneofusispora","s__sinensis"
"ASV_25","k__Fungi","p__Ascomycota","c__Lecanoromycetes","o__Lecanorales","f__Ramalinaceae","g__Biatora","s__printzenii"
"ASV_26","k__Fungi","p__Ascomycota","c__Orbiliomycetes","o__Orbiliales","f__Orbiliaceae","g__Hyalorbilia","s__erythrostigma"
"ASV_27","k__Fungi","p__Basidiomycota","c__Tremellomycetes","o__Tremellales","f__Bulleribasidiaceae","g__Vishniacozyma","s__taibaiensis"
"ASV_28","k__Fungi","p__Ascomycota","c__Eurotiomycetes","o__Chaetothyriales","f__Herpotrichiellaceae",NA,NA
"ASV_29","k__Fungi","p__Ascomycota","c__Sordariomycetes","o__Hypocreales","f__Nectriaceae","g__Gibberella","s__tricincta"
"ASV_30","k__Fungi","p__Basidiomycota","c__Agaricomycetes","o__Auriculariales","f__Hyaloriaceae","g__Stypella","s__variabilis"
"ASV_31","k__Fungi","p__Ascomycota","c__Sordariomycetes","o__Microascales","f__Graphiaceae","g__Graphium",NA
"ASV_32","k__Fungi","p__Ascomycota","c__Dothideomycetes","o__Pleosporales","f__Phaeosphaeriaceae","g__Acericola","s__italica"
"ASV_33","k__Fungi","p__Ascomycota","c__Dothideomycetes","o__Pleosporales","f__Thyridariaceae",NA,NA
"ASV_34","k__Fungi","p__Ascomycota","c__Dothideomycetes","o__Pleosporales","f__Thyridariaceae",NA,NA
"ASV_36","k__Fungi","p__Ascomycota","c__Leotiomycetes","o__Helotiales","f__Helotiaceae","g__Ascocoryne","s__cylichnium"
"ASV_37","k__Fungi","p__Ascomycota","c__Sordariomycetes","o__Chaetosphaeriales","f__Chaetosphaeriaceae","g__Chloridium",NA
"ASV_38","k__Fungi","p__Ascomycota","c__Leotiomycetes","o__Helotiales","f__Helotiales_fam_Incertae_sedis","g__Cadophora","s__melinii"
"ASV_39","k__Fungi","p__Ascomycota","c__Dothideomycetes","o__Pleosporales","f__Biatriosporaceae","g__Biatriospora",NA
"ASV_40","k__Fungi","p__Ascomycota","c__Sordariomycetes","o__Sordariomycetes_ord_Incertae_sedis","f__Sordariomycetes_fam_Incertae_sedis","g__Oncopodiella",NA
"ASV_41","k__Fungi","p__Basidiomycota","c__Tremellomycetes","o__Tremellales","f__Bulleribasidiaceae","g__Vishniacozyma","s__taibaiensis"
"ASV_42","k__Fungi","p__Ascomycota","c__Sordariomycetes","o__Hypocreales","f__Hypocreales_fam_Incertae_sedis","g__Barbatosphaeria","s__neglecta"
"ASV_43","k__Fungi","p__Ascomycota","c__Dothideomycetes","o__Dothideomycetes_ord_Incertae_sedis","f__Dothideomycetes_fam_Incertae_sedis","g__Radulidium","s__subulatum"
"ASV_44","k__Fungi","p__Ascomycota","c__Sordariomycetes","o__Togniniales","f__Togniniaceae","g__Phaeoacremonium","s__sicilianum"
"ASV_45","k__Fungi","p__Ascomycota","c__Sordariomycetes","o__Hypocreales","f__Nectriaceae",NA,NA
"ASV_46","k__Fungi","p__Ascomycota","c__Leotiomycetes","o__Helotiales","f__Helotiaceae","g__Collophora",NA
"ASV_47","k__Fungi","p__Basidiomycota","c__Agaricomycetes","o__Polyporales","f__Cerrenaceae","g__Cerrena",NA
"ASV_48","k__Fungi","p__Ascomycota","c__Dothideomycetes","o__Pleosporales","f__Biatriosporaceae","g__Biatriospora","s__antibiotica"
"ASV_49","k__Fungi","p__Ascomycota","c__Dothideomycetes","o__Pleosporales","f__Occultibambusaceae","g__Brunneofusispora","s__sinensis"
"ASV_50","k__Fungi","p__Ascomycota","c__Sordariomycetes","o__Hypocreales","f__Nectriaceae","g__Microcera","s__larvarum"
"ASV_51","k__Fungi","p__Ascomycota",NA,NA,NA,NA,NA
"ASV_52","k__Fungi","p__Ascomycota","c__Leotiomycetes","o__Helotiales",NA,NA,NA
"ASV_53","k__Fungi","p__Ascomycota","c__Dothideomycetes","o__Botryosphaeriales",NA,NA,NA
"ASV_54","k__Fungi","p__Ascomycota","c__Sordariomycetes","o__Hypocreales","f__Nectriaceae","g__Fusicolla","s__septimanifiniscientiae"
"ASV_55","k__Fungi","p__Basidiomycota","c__Tremellomycetes","o__Tremellales","f__Tremellaceae","g__Cryptococcus","s__gattii"
"ASV_56","k__Fungi","p__Ascomycota","c__Dothideomycetes","o__Pleosporales","f__Phaeosphaeriaceae","g__Acericola","s__italica"
"ASV_57",NA,NA,NA,NA,NA,NA,NA
"ASV_58","k__Fungi","p__Ascomycota","c__Leotiomycetes","o__Helotiales",NA,NA,NA
"ASV_59","k__Fungi","p__Ascomycota","c__Lecanoromycetes","o__Lecanorales","f__Ramalinaceae","g__Lecania","s__cyrtellina"
"ASV_60","k__Fungi","p__Ascomycota","c__Dothideomycetes","o__Pleosporales","f__Phaeosphaeriaceae","g__Acericola","s__italica"
"ASV_61","k__Fungi","p__Ascomycota","c__Sordariomycetes","o__Diaporthales","f__Diaporthaceae","g__Diaporthe",NA
"ASV_62","k__Fungi","p__Ascomycota","c__Sordariomycetes","o__Diaporthales","f__Diaporthaceae","g__Diaporthe",NA
"ASV_63","k__Fungi","p__Ascomycota","c__Sordariomycetes","o__Hypocreales","f__Hypocreales_fam_Incertae_sedis","g__Acremonium","s__parvum"
"ASV_64","k__Fungi","p__Ascomycota","c__Eurotiomycetes","o__Chaetothyriales","f__Cyphellophoraceae","g__Cyphellophora","s__olivacea"
"ASV_65","k__Fungi","p__Ascomycota","c__Dothideomycetes","o__Capnodiales","f__Teratosphaeriaceae","g__Solicorynespora",NA
"ASV_66","k__Fungi","p__Ascomycota","c__Eurotiomycetes",NA,NA,NA,NA
"ASV_67","k__Fungi","p__Ascomycota","c__Saccharomycetes","o__Saccharomycetales",NA,NA,NA
"ASV_69","k__Fungi","p__Ascomycota","c__Sordariomycetes","o__Xylariales","f__Xylariales_fam_Incertae_sedis","g__Phialemoniopsis","s__ocularis"
"ASV_70","k__Fungi","p__Ascomycota","c__Sordariomycetes","o__Togniniales","f__Togniniaceae","g__Phaeoacremonium","s__minimum"
"ASV_71","k__Fungi","p__Ascomycota","c__Dothideomycetes","o__Pleosporales","f__Melanommataceae",NA,NA
"ASV_72","k__Fungi","p__Ascomycota","c__Dothideomycetes","o__Pleosporales","f__Pleosporales_fam_Incertae_sedis","g__Nigrograna",NA
"ASV_73","k__Fungi","p__Basidiomycota","c__Tremellomycetes","o__Tremellales","f__Bulleribasidiaceae","g__Vishniacozyma",NA
"ASV_74","k__Fungi","p__Ascomycota","c__Leotiomycetes","o__Helotiales","f__Helotiaceae","g__Pragmopora",NA
"ASV_75","k__Fungi","p__Ascomycota","c__Sordariomycetes",NA,NA,NA,NA
"ASV_76","k__Fungi","p__Ascomycota","c__Lecanoromycetes","o__Lecanorales","f__Ramalinaceae","g__Lecania","s__croatica"
"ASV_78","k__Fungi","p__Basidiomycota","c__Agaricostilbomycetes","o__Agaricostilbales","f__Chionosphaeraceae",NA,NA
"ASV_79","k__Fungi","p__Ascomycota","c__Dothideomycetes","o__Myriangiales","f__Elsinoaceae",NA,NA
"ASV_80","k__Fungi","p__Ascomycota","c__Sordariomycetes","o__Hypocreales","f__Bionectriaceae",NA,NA
"ASV_81","k__Fungi","p__Ascomycota","c__Lecanoromycetes","o__Lecanorales","f__Ramalinaceae","g__Lecania","s__croatica"
"ASV_82","k__Fungi","p__Ascomycota","c__Dothideomycetes","o__Pleosporales","f__Phaeosphaeriaceae","g__Neosetophoma","s__rosigena"
"ASV_83","k__Fungi","p__Ascomycota","c__Sordariomycetes","o__Hypocreales","f__Cordycipitaceae","g__Lecanicillium","s__muscarium"
"ASV_84","k__Fungi","p__Ascomycota","c__Eurotiomycetes","o__Chaetothyriales","f__Herpotrichiellaceae","g__Rhinocladiella",NA
"ASV_86","k__Fungi","p__Ascomycota","c__Dothideomycetes","o__Pleosporales","f__Amorosiaceae","g__Angustimassarina","s__acerina"
"ASV_87","k__Fungi","p__Ascomycota","c__Dothideomycetes","o__Capnodiales","f__Dissoconiaceae","g__Ramichloridium","s__apiculatum"
"ASV_88","k__Fungi","p__Ascomycota","c__Dothideomycetes","o__Pleosporales",NA,NA,NA
"ASV_89","k__Fungi","p__Ascomycota","c__Orbiliomycetes","o__Orbiliales","f__Orbiliaceae","g__Dactylella","s__arnaudii"
"ASV_91","k__Fungi","p__Ascomycota","c__Dothideomycetes","o__Capnodiales",NA,NA,NA
"ASV_92","k__Fungi","p__Ascomycota",NA,NA,NA,NA,NA
"ASV_94","k__Fungi","p__Ascomycota","c__Sordariomycetes","o__Hypocreales","f__Nectriaceae","g__Microcera","s__rubra"
"ASV_95","k__Fungi","p__Ascomycota","c__Sordariomycetes","o__Sordariales","f__Cephalothecaceae",NA,NA
"ASV_97","k__Fungi","p__Ascomycota","c__Sordariomycetes","o__Hypocreales","f__Hypocreales_fam_Incertae_sedis","g__Barbatosphaeria","s__barbirostris"
"ASV_98","k__Fungi","p__Ascomycota",NA,NA,NA,NA,NA
"ASV_99","k__Fungi","p__Ascomycota","c__Eurotiomycetes","o__Chaetothyriales","f__Cyphellophoraceae","g__Cyphellophora",NA
"ASV_101","k__Fungi","p__Ascomycota","c__Dothideomycetes","o__Pleosporales","f__Pleosporales_fam_Incertae_sedis","g__Nigrograna","s__cangshanensis"
"ASV_102","k__Fungi","p__Ascomycota",NA,NA,NA,NA,NA
"ASV_103","k__Fungi","p__Ascomycota",NA,NA,NA,NA,NA
"ASV_104",NA,NA,NA,NA,NA,NA,NA
"ASV_105","k__Fungi",NA,NA,NA,NA,NA,NA
"ASV_106","k__Fungi","p__Ascomycota","c__Eurotiomycetes","o__Chaetothyriales","f__Herpotrichiellaceae",NA,NA
"ASV_107","k__Fungi","p__Ascomycota",NA,NA,NA,NA,NA
"ASV_108","k__Fungi","p__Ascomycota","c__Dothideomycetes","o__Pleosporales","f__Thyridariaceae",NA,NA
"ASV_109","k__Fungi","p__Ascomycota","c__Sordariomycetes","o__Hypocreales","f__Cordycipitaceae","g__Lecanicillium","s__muscarium"
"ASV_110","k__Fungi","p__Ascomycota","c__Sordariomycetes","o__Togniniales","f__Togniniaceae","g__Phaeoacremonium",NA
"ASV_111","k__Fungi","p__Ascomycota","c__Dothideomycetes","o__Pleosporales",NA,NA,NA
"ASV_112","k__Fungi","p__Ascomycota","c__Eurotiomycetes","o__Chaetothyriales","f__Herpotrichiellaceae",NA,NA
"ASV_113","k__Fungi","p__Ascomycota","c__Sordariomycetes","o__Hypocreales","f__Nectriaceae","g__Pseudocosmospora",NA
"ASV_114",NA,NA,NA,NA,NA,NA,NA
"ASV_115","k__Fungi","p__Ascomycota","c__Eurotiomycetes","o__Chaetothyriales","f__Herpotrichiellaceae","g__Exophiala",NA
"ASV_116","k__Fungi","p__Ascomycota","c__Dothideomycetes","o__Capnodiales","f__Capnodiales_fam_Incertae_sedis","g__Arthrocatena","s__tenebrio"
"ASV_117","k__Fungi","p__Ascomycota","c__Leotiomycetes","o__Helotiales","f__Helotiales_fam_Incertae_sedis","g__Leptodontidium","s__trabinellum"
"ASV_118","k__Fungi","p__Ascomycota","c__Sordariomycetes","o__Hypocreales","f__Hypocreales_fam_Incertae_sedis","g__Acremonium","s__furcatum"
"ASV_119","k__Fungi","p__Ascomycota","c__Eurotiomycetes","o__Chaetothyriales","f__Cyphellophoraceae","g__Cyphellophora",NA
"ASV_120","k__Fungi","p__Ascomycota","c__Dothideomycetes","o__Pleosporales","f__Pleosporales_fam_Incertae_sedis","g__Neohendersonia","s__kickxii"
"ASV_121","k__Fungi","p__Ascomycota","c__Sordariomycetes","o__Sordariales","f__Cephalothecaceae",NA,NA
"ASV_122","k__Fungi","p__Ascomycota",NA,NA,NA,NA,NA
"ASV_123",NA,NA,NA,NA,NA,NA,NA
"ASV_124","k__Fungi","p__Ascomycota","c__Leotiomycetes","o__Helotiales","f__Hyaloscyphaceae","g__Calycina","s__claroflava"
"ASV_125","k__Fungi","p__Ascomycota","c__Lecanoromycetes","o__Lecanorales","f__Ramalinaceae","g__Lecania","s__croatica"
"ASV_126","k__Fungi","p__Ascomycota","c__Sordariomycetes","o__Hypocreales","f__Hypocreales_fam_Incertae_sedis","g__Acremonium","s__alternatum"
"ASV_127","k__Fungi","p__Ascomycota","c__Eurotiomycetes","o__Chaetothyriales","f__Cyphellophoraceae","g__Cyphellophora","s__olivacea"
"ASV_128","k__Fungi","p__Ascomycota",NA,NA,NA,NA,NA
"ASV_129","k__Fungi","p__Ascomycota","c__Leotiomycetes","o__Helotiales","f__Helotiales_fam_Incertae_sedis","g__Cadophora","s__melinii"
"ASV_130","k__Fungi","p__Ascomycota","c__Leotiomycetes","o__Helotiales","f__Vibrisseaceae","g__Phialocephala",NA
"ASV_131","k__Fungi","p__Ascomycota","c__Dothideomycetes","o__Pleosporales","f__Pleosporales_fam_Incertae_sedis","g__Crassiperidium","s__octosporum"
"ASV_132","k__Fungi","p__Basidiomycota","c__Agaricomycetes","o__Auriculariales","f__Hyaloriaceae","g__Stypella","s__variabilis"
"ASV_134","k__Fungi","p__Ascomycota","c__Dothideomycetes","o__Dothideales","f__Aureobasidiaceae","g__Kabatiella",NA
"ASV_135","k__Fungi","p__Ascomycota","c__Sordariomycetes","o__Togniniales","f__Togniniaceae","g__Phaeoacremonium",NA
"ASV_136","k__Fungi","p__Basidiomycota","c__Cystobasidiomycetes",NA,NA,NA,NA
"ASV_137","k__Fungi","p__Ascomycota","c__Sordariomycetes","o__Hypocreales","f__Nectriaceae","g__Microcera","s__larvarum"
"ASV_138","k__Fungi","p__Ascomycota",NA,NA,NA,NA,NA
"ASV_139","k__Fungi","p__Ascomycota","c__Sordariomycetes","o__Hypocreales","f__Hypocreales_fam_Incertae_sedis","g__Acremonium","s__alternatum"
"ASV_140","k__Fungi","p__Ascomycota","c__Dothideomycetes","o__Capnodiales","f__Teratosphaeriaceae",NA,NA
"ASV_141","k__Fungi","p__Ascomycota","c__Sordariomycetes","o__Hypocreales",NA,NA,NA
"ASV_142","k__Fungi","p__Ascomycota","c__Leotiomycetes",NA,NA,NA,NA
"ASV_143","k__Fungi","p__Ascomycota","c__Sordariomycetes","o__Sordariomycetes_ord_Incertae_sedis","f__Sordariomycetes_fam_Incertae_sedis","g__Oncopodiella",NA
"ASV_144","k__Fungi","p__Ascomycota","c__Dothideomycetes","o__Pleosporales","f__Lophiostomataceae","g__Lophiostoma",NA
"ASV_145","k__Fungi","p__Ascomycota","c__Sordariomycetes","o__Hypocreales","f__Hypocreales_fam_Incertae_sedis","g__Sarocladium","s__dejongiae"
"ASV_148","k__Fungi","p__Ascomycota","c__Dothideomycetes","o__Botryosphaeriales","f__Botryosphaeriaceae","g__Botryosphaeria","s__quercuum"
"ASV_149","k__Fungi","p__Ascomycota","c__Leotiomycetes","o__Helotiales",NA,NA,NA
"ASV_151","k__Fungi","p__Ascomycota","c__Eurotiomycetes","o__Chaetothyriales","f__Herpotrichiellaceae","g__Rhinocladiella",NA
"ASV_152","k__Fungi","p__Ascomycota","c__Eurotiomycetes","o__Chaetothyriales","f__Herpotrichiellaceae","g__Rhinocladiella",NA
"ASV_153","k__Fungi","p__Ascomycota","c__Sordariomycetes","o__Hypocreales","f__Hypocreales_fam_Incertae_sedis","g__Sarocladium","s__strictum"
"ASV_154","k__Fungi","p__Ascomycota","c__Dothideomycetes","o__Pleosporales","f__Didymellaceae",NA,NA
"ASV_155","k__Fungi","p__Ascomycota","c__Sordariomycetes","o__Hypocreales","f__Nectriaceae",NA,NA
"ASV_156","k__Fungi","p__Ascomycota","c__Lecanoromycetes","o__Lecanorales","f__Ramalinaceae","g__Lecania","s__cyrtellina"
"ASV_157","k__Fungi","p__Ascomycota","c__Eurotiomycetes","o__Chaetothyriales","f__Herpotrichiellaceae","g__Rhinocladiella",NA
"ASV_158","k__Fungi","p__Basidiomycota","c__Agaricomycetes","o__Polyporales","f__Meruliaceae","g__Phlebia","s__radiata"
"ASV_159","k__Fungi","p__Basidiomycota","c__Agaricostilbomycetes","o__Agaricostilbales","f__Chionosphaeraceae","g__Kurtzmanomyces",NA
"ASV_161","k__Fungi","p__Ascomycota","c__Dothideomycetes","o__Pleosporales","f__Thyridariaceae",NA,NA
"ASV_163","k__Fungi","p__Ascomycota","c__Dothideomycetes","o__Pleosporales","f__Cucurbitariaceae",NA,NA
"ASV_165","k__Fungi","p__Ascomycota","c__Arthoniomycetes","o__Arthoniales","f__Arthoniaceae","g__Arthonia","s__apatetica"
"ASV_166","k__Fungi","p__Ascomycota","c__Dothideomycetes","o__Capnodiales",NA,NA,NA
"ASV_167","k__Fungi","p__Ascomycota","c__Dothideomycetes","o__Capnodiales","f__Cladosporiaceae","g__Cladosporium","s__tenuissimum"
"ASV_168","k__Fungi","p__Ascomycota",NA,NA,NA,NA,NA
"ASV_169","k__Fungi","p__Ascomycota","c__Lecanoromycetes","o__Lecanorales","f__Ramalinaceae","g__Lecania","s__croatica"
"ASV_171","k__Fungi","p__Mortierellomycota","c__Mortierellomycetes","o__Mortierellales","f__Mortierellaceae","g__Mortierella","s__parvispora"
"ASV_172","k__Fungi","p__Ascomycota","c__Eurotiomycetes","o__Chaetothyriales","f__Herpotrichiellaceae","g__Capronia",NA
"ASV_173","k__Fungi","p__Ascomycota","c__Sordariomycetes",NA,NA,NA,NA
"ASV_175","k__Fungi","p__Ascomycota",NA,NA,NA,NA,NA
"ASV_176","k__Fungi","p__Ascomycota","c__Lecanoromycetes","o__Caliciales","f__Physciaceae","g__Phaeophyscia",NA
"ASV_177","k__Fungi","p__Ascomycota","c__Lecanoromycetes","o__Caliciales","f__Physciaceae","g__Phaeophyscia",NA
"ASV_178","k__Fungi","p__Ascomycota","c__Sordariomycetes","o__Sordariales","f__Cephalothecaceae",NA,NA
"ASV_180","k__Fungi","p__Ascomycota","c__Eurotiomycetes","o__Chaetothyriales","f__Herpotrichiellaceae","g__Capronia",NA
"ASV_181",NA,NA,NA,NA,NA,NA,NA
"ASV_182","k__Fungi",NA,NA,NA,NA,NA,NA
"ASV_183",NA,NA,NA,NA,NA,NA,NA
"ASV_184","k__Fungi","p__Ascomycota","c__Dothideomycetes","o__Pleosporales",NA,NA,NA
"ASV_185","k__Fungi","p__Ascomycota","c__Eurotiomycetes","o__Chaetothyriales","f__Herpotrichiellaceae","g__Rhinocladiella",NA
"ASV_186","k__Fungi","p__Ascomycota","c__Sordariomycetes","o__Hypocreales","f__Hypocreaceae","g__Sphaerostilbella","s__lutea"
"ASV_187",NA,NA,NA,NA,NA,NA,NA
"ASV_190","k__Fungi","p__Ascomycota","c__Eurotiomycetes","o__Chaetothyriales","f__Herpotrichiellaceae","g__Capronia",NA
"ASV_191","k__Fungi","p__Ascomycota","c__Eurotiomycetes","o__Chaetothyriales","f__Herpotrichiellaceae",NA,NA
"ASV_192","k__Fungi","p__Ascomycota","c__Dothideomycetes","o__Capnodiales","f__Dissoconiaceae","g__Ramichloridium","s__apiculatum"
"ASV_193","k__Fungi","p__Basidiomycota","c__Cystobasidiomycetes","o__Cystobasidiales","f__Cystobasidiaceae","g__Occultifur",NA
"ASV_194",NA,NA,NA,NA,NA,NA,NA
"ASV_195","k__Fungi","p__Ascomycota","c__Dothideomycetes","o__Pleosporales","f__Leptosphaeriaceae","g__Leptosphaeria",NA
"ASV_198","k__Fungi","p__Ascomycota","c__Saccharomycetes","o__Saccharomycetales","f__Saccharomycetales_fam_Incertae_sedis","g__Myxozyma","s__melibiosi"
"ASV_199","k__Fungi","p__Ascomycota","c__Dothideomycetes","o__Pleosporales","f__Cucurbitariaceae","g__Neocucurbitaria",NA
"ASV_200","k__Fungi","p__Ascomycota","c__Dothideomycetes","o__Capnodiales",NA,NA,NA
"ASV_201","k__Fungi","p__Ascomycota","c__Sordariomycetes","o__Glomerellales","f__Plectosphaerellaceae","g__Stachylidium",NA
"ASV_202","k__Fungi","p__Ascomycota","c__Sordariomycetes",NA,NA,NA,NA
"ASV_203","k__Fungi","p__Ascomycota",NA,NA,NA,NA,NA
"ASV_205","k__Fungi","p__Ascomycota","c__Dothideomycetes","o__Pleosporales","f__Biatriosporaceae",NA,NA
"ASV_206",NA,NA,NA,NA,NA,NA,NA
"ASV_207","k__Fungi","p__Ascomycota","c__Sordariomycetes","o__Glomerellales","f__Plectosphaerellaceae","g__Plectosphaerella",NA
"ASV_208","k__Fungi","p__Ascomycota","c__Sordariomycetes","o__Hypocreales","f__Nectriaceae","g__Neonectria","s__ditissima"
"ASV_209","k__Fungi","p__Ascomycota","c__Eurotiomycetes","o__Chaetothyriales","f__Herpotrichiellaceae","g__Rhinocladiella",NA
"ASV_210","k__Fungi","p__Ascomycota","c__Dothideomycetes","o__Pleosporales",NA,NA,NA
"ASV_211","k__Fungi","p__Ascomycota","c__Sordariomycetes","o__Hypocreales","f__Nectriaceae","g__Pseudocosmospora",NA
"ASV_212","k__Fungi","p__Ascomycota","c__Dothideomycetes","o__Pleosporales","f__Phaeosphaeriaceae","g__Acericola","s__italica"
"ASV_213","k__Fungi","p__Ascomycota","c__Eurotiomycetes","o__Chaetothyriales","f__Cyphellophoraceae","g__Cyphellophora",NA
"ASV_214","k__Fungi","p__Ascomycota","c__Dothideomycetes","o__Pleosporales","f__Pleosporales_fam_Incertae_sedis","g__Neohendersonia","s__kickxii"
"ASV_215","k__Fungi","p__Ascomycota","c__Eurotiomycetes","o__Phaeomoniellales","f__Phaeomoniellaceae","g__Phaeomoniella",NA
"ASV_216","k__Fungi","p__Ascomycota","c__Eurotiomycetes","o__Chaetothyriales","f__Herpotrichiellaceae","g__Rhinocladiella",NA
"ASV_217","k__Fungi","p__Ascomycota","c__Leotiomycetes","o__Helotiales","f__Helotiales_fam_Incertae_sedis","g__Cadophora","s__melinii"
"ASV_218","k__Fungi","p__Ascomycota","c__Dothideomycetes","o__Pleosporales","f__Thyridariaceae",NA,NA
"ASV_220","k__Fungi","p__Ascomycota","c__Dothideomycetes","o__Myriangiales","f__Elsinoaceae",NA,NA
"ASV_221","k__Fungi","p__Ascomycota","c__Eurotiomycetes","o__Chaetothyriales","f__Herpotrichiellaceae",NA,NA
"ASV_222","k__Fungi","p__Ascomycota","c__Orbiliomycetes","o__Orbiliales","f__Orbiliaceae","g__Hyalorbilia","s__erythrostigma"
"ASV_223","k__Fungi","p__Ascomycota","c__Dothideomycetes","o__Pleosporales","f__Phaeosphaeriaceae","g__Acericola","s__italica"
"ASV_224","k__Fungi","p__Ascomycota","c__Eurotiomycetes","o__Chaetothyriales","f__Herpotrichiellaceae","g__Cladophialophora","s__chaetospira"
"ASV_225","k__Fungi","p__Ascomycota","c__Lecanoromycetes","o__Candelariales","f__Candelariaceae","g__Candelariella",NA
"ASV_226","k__Fungi","p__Ascomycota","c__Dothideomycetes","o__Pleosporales","f__Coniothyriaceae","g__Coniothyrium",NA
"ASV_228","k__Fungi","p__Ascomycota","c__Sordariomycetes","o__Chaetosphaeriales","f__Chaetosphaeriales_fam_Incertae_sedis","g__Dendrophoma","s__cytisporoides"
"ASV_229","k__Fungi","p__Ascomycota",NA,NA,NA,NA,NA
"ASV_231","k__Fungi","p__Basidiomycota","c__Agaricostilbomycetes","o__Agaricostilbales","f__Chionosphaeraceae",NA,NA
"ASV_233","k__Fungi","p__Ascomycota","c__Dothideomycetes","o__Capnodiales",NA,NA,NA
"ASV_234","k__Fungi","p__Basidiomycota","c__Tremellomycetes","o__Tremellales","f__Bulleribasidiaceae","g__Hannaella","s__surugaensis"
"ASV_235","k__Fungi","p__Ascomycota","c__Sordariomycetes","o__Hypocreales","f__Hypocreales_fam_Incertae_sedis","g__Sarocladium",NA
"ASV_236","k__Fungi","p__Ascomycota","c__Dothideomycetes","o__Myriangiales","f__Elsinoaceae",NA,NA
"ASV_237","k__Fungi","p__Ascomycota","c__Eurotiomycetes",NA,NA,NA,NA
"ASV_239",NA,NA,NA,NA,NA,NA,NA
"ASV_240","k__Fungi","p__Ascomycota","c__Sordariomycetes","o__Xylariales","f__Diatrypaceae","g__Diatrypella","s__pulvinata"
"ASV_241","k__Fungi","p__Ascomycota","c__Lecanoromycetes","o__Lecanorales","f__Ramalinaceae","g__Lecania","s__cyrtellina"
"ASV_242","k__Fungi","p__Ascomycota","c__Dothideomycetes","o__Pleosporales",NA,NA,NA
"ASV_243","k__Fungi","p__Ascomycota","c__Lecanoromycetes","o__Lecanorales",NA,NA,NA
"ASV_246","k__Fungi","p__Ascomycota","c__Dothideomycetes","o__Myriangiales","f__Elsinoaceae",NA,NA
"ASV_247","k__Fungi","p__Ascomycota","c__Eurotiomycetes","o__Chaetothyriales","f__Cyphellophoraceae","g__Cyphellophora","s__sessilis"
"ASV_249","k__Fungi","p__Ascomycota","c__Lecanoromycetes","o__Caliciales","f__Physciaceae","g__Phaeophyscia",NA
"ASV_250","k__Fungi","p__Ascomycota","c__Dothideomycetes","o__Capnodiales","f__Neodevriesiaceae",NA,NA
"ASV_251","k__Fungi","p__Ascomycota","c__Lecanoromycetes","o__Lecanorales","f__Lecanoraceae",NA,NA
"ASV_252","k__Fungi","p__Ascomycota","c__Dothideomycetes","o__Pleosporales","f__Pleosporales_fam_Incertae_sedis","g__Nigrograna",NA
"ASV_253","k__Fungi","p__Ascomycota","c__Eurotiomycetes","o__Chaetothyriales","f__Cyphellophoraceae","g__Cyphellophora",NA
"ASV_254","k__Fungi","p__Ascomycota","c__Sordariomycetes","o__Hypocreales",NA,NA,NA
"ASV_255","k__Fungi","p__Ascomycota","c__Leotiomycetes","o__Helotiales","f__Helotiales_fam_Incertae_sedis","g__Leptodontidium","s__trabinellum"
"ASV_256","k__Fungi","p__Ascomycota",NA,NA,NA,NA,NA
"ASV_258","k__Fungi","p__Ascomycota","c__Eurotiomycetes","o__Chaetothyriales","f__Herpotrichiellaceae",NA,NA
"ASV_259","k__Fungi","p__Ascomycota","c__Dothideomycetes","o__Capnodiales",NA,NA,NA
"ASV_260","k__Fungi","p__Ascomycota","c__Lecanoromycetes","o__Lecanorales","f__Ramalinaceae","g__Biatora",NA
"ASV_261","k__Fungi","p__Ascomycota","c__Eurotiomycetes","o__Chaetothyriales","f__Herpotrichiellaceae","g__Rhinocladiella",NA
"ASV_262","k__Fungi","p__Ascomycota","c__Dothideomycetes","o__Pleosporales","f__Thyridariaceae",NA,NA
"ASV_263","k__Fungi","p__Ascomycota","c__Orbiliomycetes","o__Orbiliales","f__Orbiliaceae","g__Orbilia","s__abutilonis"
"ASV_265","k__Fungi","p__Ascomycota","c__Eurotiomycetes","o__Chaetothyriales","f__Herpotrichiellaceae","g__Capronia","s__pilosella"
"ASV_266","k__Fungi","p__Ascomycota","c__Sordariomycetes","o__Pleurotheciales","f__Pleurotheciaceae","g__Pleurotheciella",NA
"ASV_267","k__Fungi","p__Ascomycota","c__Saccharomycetes","o__Saccharomycetales","f__Saccharomycetales_fam_Incertae_sedis","g__Ambrosiozyma","s__oregonensis"
"ASV_269","k__Fungi","p__Basidiomycota","c__Tremellomycetes","o__Tremellales","f__Bulleribasidiaceae","g__Vishniacozyma","s__victoriae"
"ASV_270","k__Fungi","p__Basidiomycota","c__Tremellomycetes","o__Tremellales",NA,NA,NA
"ASV_271","k__Fungi","p__Ascomycota","c__Dothideomycetes","o__Pleosporales","f__Thyridariaceae",NA,NA
"ASV_272","k__Fungi","p__Ascomycota","c__Dothideomycetes","o__Capnodiales",NA,NA,NA
"ASV_273","k__Fungi","p__Ascomycota",NA,NA,NA,NA,NA
"ASV_274","k__Fungi","p__Ascomycota","c__Leotiomycetes","o__Helotiales","f__Helotiaceae","g__Pragmopora",NA
"ASV_275","k__Fungi","p__Ascomycota","c__Sordariomycetes","o__Diaporthales","f__Valsaceae","g__Cytospora","s__prunicola"
"ASV_276","k__Fungi","p__Ascomycota","c__Dothideomycetes","o__Pleosporales","f__Lophiostomataceae","g__Lophiostoma",NA
"ASV_277","k__Fungi","p__Ascomycota","c__Eurotiomycetes","o__Chaetothyriales","f__Cyphellophoraceae","g__Cyphellophora",NA
"ASV_278","k__Fungi","p__Ascomycota","c__Sordariomycetes","o__Xylariales","f__Diatrypaceae","g__Eutypella","s__quaternata"
"ASV_279","k__Fungi","p__Ascomycota","c__Dothideomycetes","o__Pleosporales",NA,NA,NA
"ASV_280","k__Fungi","p__Ascomycota","c__Dothideomycetes","o__Capnodiales","f__Teratosphaeriaceae",NA,NA
"ASV_283","k__Fungi","p__Ascomycota","c__Sordariomycetes","o__Hypocreales","f__Bionectriaceae",NA,NA
"ASV_285","k__Fungi","p__Ascomycota","c__Orbiliomycetes","o__Orbiliales","f__Orbiliaceae","g__Hyalorbilia","s__erythrostigma"
"ASV_286","k__Fungi","p__Ascomycota","c__Sordariomycetes","o__Hypocreales","f__Nectriaceae","g__Microcera","s__rubra"
"ASV_287","k__Fungi","p__Ascomycota","c__Dothideomycetes","o__Pleosporales","f__Leptosphaeriaceae","g__Plenodomus","s__biglobosus"
"ASV_288",NA,NA,NA,NA,NA,NA,NA
"ASV_289","k__Fungi","p__Ascomycota","c__Dothideomycetes","o__Myriangiales","f__Elsinoaceae",NA,NA
"ASV_292","k__Fungi","p__Ascomycota","c__Eurotiomycetes","o__Verrucariales","f__Verrucariaceae","g__Psoroglaena",NA
"ASV_294","k__Fungi","p__Ascomycota","c__Sordariomycetes","o__Hypocreales","f__Nectriaceae","g__Calonectria",NA
"ASV_295","k__Fungi","p__Ascomycota","c__Dothideomycetes","o__Pleosporales","f__Phaeosphaeriaceae","g__Acericola","s__italica"
"ASV_296","k__Fungi","p__Ascomycota","c__Sordariomycetes","o__Sordariales",NA,NA,NA
"ASV_298","k__Fungi","p__Ascomycota","c__Eurotiomycetes","o__Verrucariales","f__Verrucariaceae",NA,NA
"ASV_299","k__Fungi","p__Ascomycota","c__Dothideomycetes","o__Myriangiales","f__Myriangiaceae",NA,NA
"ASV_300","k__Fungi","p__Ascomycota","c__Sordariomycetes",NA,NA,NA,NA
"ASV_301","k__Fungi","p__Ascomycota","c__Sordariomycetes","o__Togniniales","f__Togniniaceae","g__Phaeoacremonium",NA
"ASV_302","k__Fungi","p__Ascomycota",NA,NA,NA,NA,NA
"ASV_303","k__Fungi","p__Ascomycota","c__Dothideomycetes","o__Capnodiales",NA,NA,NA
"ASV_304","k__Fungi","p__Ascomycota",NA,NA,NA,NA,NA
"ASV_305",NA,NA,NA,NA,NA,NA,NA
"ASV_306","k__Fungi","p__Ascomycota","c__Dothideomycetes","o__Capnodiales",NA,NA,NA
"ASV_307","k__Fungi","p__Ascomycota","c__Dothideomycetes","o__Pleosporales","f__Phaeosphaeriaceae",NA,NA
"ASV_308","k__Fungi","p__Ascomycota","c__Lecanoromycetes","o__Lecanorales","f__Ramalinaceae","g__Biatora","s__longispora"
"ASV_309","k__Fungi","p__Ascomycota","c__Lecanoromycetes",NA,NA,NA,NA
"ASV_311","k__Fungi","p__Ascomycota","c__Sordariomycetes","o__Xylariales","f__Amphisphaeriaceae","g__Lepteutypa","s__fuckelii"
"ASV_312","k__Fungi","p__Ascomycota","c__Sordariomycetes","o__Hypocreales","f__Hypocreales_fam_Incertae_sedis","g__Sarocladium",NA
"ASV_313","k__Fungi","p__Ascomycota","c__Eurotiomycetes","o__Chaetothyriales","f__Chaetothyriaceae",NA,NA
"ASV_314","k__Fungi","p__Ascomycota","c__Eurotiomycetes","o__Verrucariales","f__Verrucariaceae",NA,NA
"ASV_317","k__Fungi","p__Ascomycota","c__Sordariomycetes","o__Calosphaeriales","f__Calosphaeriaceae","g__Jattaea","s__tumidula"
"ASV_318","k__Fungi","p__Ascomycota","c__Dothideomycetes","o__Pleosporales","f__Thyridariaceae",NA,NA
"ASV_319","k__Fungi","p__Ascomycota","c__Sordariomycetes","o__Sordariales","f__Cephalothecaceae",NA,NA
"ASV_320","k__Fungi","p__Ascomycota","c__Eurotiomycetes","o__Chaetothyriales","f__Herpotrichiellaceae","g__Exophiala",NA
"ASV_322","k__Fungi","p__Ascomycota","c__Dothideomycetes","o__Pleosporales",NA,NA,NA
"ASV_323","k__Fungi","p__Ascomycota","c__Sordariomycetes","o__Hypocreales","f__Ophiocordycipitaceae","g__Hirsutella","s__thompsonii"
"ASV_324","k__Fungi","p__Ascomycota","c__Lecanoromycetes","o__Lecanorales","f__Lecanoraceae","g__Scoliciosporum","s__chlorococcum"
"ASV_325","k__Fungi","p__Ascomycota","c__Dothideomycetes","o__Pleosporales","f__Phaeosphaeriaceae","g__Acericola","s__italica"
"ASV_327","k__Fungi","p__Ascomycota","c__Sordariomycetes","o__Hypocreales","f__Nectriaceae","g__Calonectria",NA
"ASV_332","k__Fungi","p__Ascomycota","c__Dothideomycetes","o__Capnodiales","f__Teratosphaeriaceae",NA,NA
"ASV_333","k__Fungi","p__Ascomycota","c__Leotiomycetes","o__Helotiales",NA,NA,NA
"ASV_335","k__Fungi","p__Ascomycota","c__Dothideomycetes","o__Capnodiales",NA,NA,NA
"ASV_336","k__Fungi","p__Ascomycota","c__Dothideomycetes","o__Capnodiales",NA,NA,NA
"ASV_337","k__Fungi","p__Ascomycota","c__Saccharomycetes","o__Saccharomycetales","f__Saccharomycetales_fam_Incertae_sedis","g__Candida","s__mycetangii"
"ASV_339","k__Fungi","p__Ascomycota","c__Lecanoromycetes","o__Lecanorales","f__Lecanoraceae","g__Scoliciosporum","s__chlorococcum"
"ASV_340","k__Fungi","p__Basidiomycota","c__Agaricomycetes","o__Hymenochaetales","f__Hymenochaetaceae","g__Hymenochaetopsis","s__corrugata"
"ASV_341",NA,NA,NA,NA,NA,NA,NA
"ASV_343","k__Fungi","p__Ascomycota","c__Eurotiomycetes","o__Chaetothyriales","f__Herpotrichiellaceae","g__Exophiala","s__castellanii"
"ASV_344","k__Fungi","p__Basidiomycota","c__Tremellomycetes","o__Tremellales","f__Tremellaceae","g__Tremella","s__indecorata"
"ASV_345","k__Fungi","p__Ascomycota","c__Sordariomycetes",NA,NA,NA,NA
"ASV_346","k__Fungi","p__Basidiomycota","c__Agaricomycetes","o__Hymenochaetales","f__Hymenochaetaceae","g__Hymenochaetopsis","s__corrugata"
"ASV_347","k__Fungi","p__Ascomycota","c__Sordariomycetes","o__Togniniales","f__Togniniaceae","g__Phaeoacremonium","s__hungaricum"
"ASV_348","k__Fungi","p__Ascomycota",NA,NA,NA,NA,NA
"ASV_351","k__Fungi","p__Ascomycota","c__Orbiliomycetes",NA,NA,NA,NA
"ASV_352","k__Fungi","p__Ascomycota","c__Dothideomycetes","o__Pleosporales","f__Occultibambusaceae","g__Brunneofusispora","s__sinensis"
"ASV_353","k__Fungi","p__Ascomycota",NA,NA,NA,NA,NA
"ASV_355","k__Fungi","p__Ascomycota","c__Dothideomycetes","o__Capnodiales",NA,NA,NA
"ASV_356",NA,NA,NA,NA,NA,NA,NA
"ASV_358","k__Fungi","p__Ascomycota","c__Sordariomycetes","o__Hypocreales",NA,NA,NA
"ASV_359","k__Fungi","p__Ascomycota","c__Dothideomycetes","o__Capnodiales",NA,NA,NA
"ASV_361",NA,NA,NA,NA,NA,NA,NA
"ASV_363","k__Fungi","p__Ascomycota","c__Dothideomycetes","o__Pleosporales","f__Didymellaceae","g__Epicoccum","s__nigrum"
"ASV_365","k__Fungi","p__Ascomycota","c__Dothideomycetes","o__Capnodiales",NA,NA,NA
"ASV_366","k__Fungi","p__Ascomycota","c__Dothideomycetes","o__Capnodiales",NA,NA,NA
"ASV_368","k__Fungi","p__Ascomycota","c__Sordariomycetes","o__Hypocreales","f__Nectriaceae","g__Gibberella","s__tricincta"
"ASV_369","k__Fungi","p__Ascomycota","c__Dothideomycetes","o__Pleosporales",NA,NA,NA
"ASV_371","k__Fungi","p__Ascomycota",NA,NA,NA,NA,NA
"ASV_372","k__Fungi","p__Ascomycota",NA,NA,NA,NA,NA
"ASV_373","k__Fungi","p__Ascomycota","c__Leotiomycetes","o__Helotiales","f__Hyaloscyphaceae","g__Proliferodiscus","s__earoleucus"
"ASV_374","k__Fungi","p__Ascomycota","c__Sordariomycetes",NA,NA,NA,NA
"ASV_376","k__Fungi","p__Ascomycota",NA,NA,NA,NA,NA
"ASV_377","k__Fungi","p__Ascomycota","c__Dothideomycetes","o__Capnodiales","f__Cladosporiaceae","g__Cladosporium",NA
"ASV_378","k__Fungi","p__Ascomycota","c__Dothideomycetes","o__Pleosporales","f__Cucurbitariaceae",NA,NA
"ASV_379","k__Fungi","p__Ascomycota","c__Dothideomycetes","o__Capnodiales","f__Capnodiales_fam_Incertae_sedis","g__Arthrocatena","s__tenebrio"
"ASV_381","k__Fungi","p__Ascomycota",NA,NA,NA,NA,NA
"ASV_382","k__Fungi","p__Ascomycota","c__Dothideomycetes","o__Myriangiales","f__Elsinoaceae",NA,NA
"ASV_383","k__Fungi","p__Ascomycota","c__Dothideomycetes","o__Capnodiales","f__Capnodiales_fam_Incertae_sedis","g__Arthrocatena","s__tenebrio"
"ASV_385","k__Fungi","p__Ascomycota","c__Dothideomycetes","o__Pleosporales","f__Thyridariaceae","g__Roussoella",NA
"ASV_386","k__Fungi","p__Ascomycota","c__Lecanoromycetes","o__Teloschistales","f__Teloschistaceae","g__Caloplaca","s__ahtii"
"ASV_388","k__Fungi","p__Basidiomycota","c__Tremellomycetes","o__Tremellales","f__Bulleribasidiaceae","g__Vishniacozyma","s__carnescens"
"ASV_389","k__Fungi","p__Ascomycota","c__Dothideomycetes","o__Capnodiales","f__Capnodiales_fam_Incertae_sedis","g__Arthrocatena",NA
"ASV_390","k__Fungi","p__Ascomycota","c__Dothideomycetes","o__Capnodiales",NA,NA,NA
"ASV_391",NA,NA,NA,NA,NA,NA,NA
"ASV_393",NA,NA,NA,NA,NA,NA,NA
"ASV_396","k__Fungi","p__Ascomycota","c__Orbiliomycetes","o__Orbiliales","f__Orbiliaceae","g__Orbilia",NA
"ASV_397","k__Fungi","p__Ascomycota","c__Sordariomycetes","o__Diaporthales","f__Valsaceae","g__Cytospora","s__prunicola"
"ASV_398","k__Fungi","p__Ascomycota","c__Eurotiomycetes","o__Chaetothyriales","f__Cyphellophoraceae","g__Anthopsis","s__deltoidea"
"ASV_400","k__Fungi","p__Basidiomycota","c__Agaricomycetes","o__Auriculariales","f__Hyaloriaceae","g__Stypella","s__variabilis"
"ASV_401","k__Fungi","p__Ascomycota","c__Dothideomycetes","o__Myriangiales","f__Elsinoaceae",NA,NA
"ASV_403","k__Fungi","p__Ascomycota","c__Sordariomycetes",NA,NA,NA,NA
"ASV_404","k__Fungi","p__Ascomycota","c__Leotiomycetes","o__Helotiales",NA,NA,NA
"ASV_405","k__Fungi","p__Ascomycota","c__Eurotiomycetes","o__Chaetothyriales","f__Trichomeriaceae",NA,NA
"ASV_406","k__Fungi","p__Ascomycota","c__Sordariomycetes","o__Pleurotheciales","f__Pleurotheciaceae",NA,NA
"ASV_407","k__Fungi","p__Ascomycota","c__Dothideomycetes","o__Capnodiales",NA,NA,NA
"ASV_409","k__Fungi","p__Ascomycota","c__Sordariomycetes","o__Togniniales","f__Togniniaceae","g__Phaeoacremonium","s__inflatipes"
"ASV_410",NA,NA,NA,NA,NA,NA,NA
"ASV_411","k__Fungi","p__Ascomycota",NA,NA,NA,NA,NA
"ASV_414","k__Fungi","p__Ascomycota","c__Dothideomycetes","o__Pleosporales","f__Thyridariaceae",NA,NA
"ASV_417",NA,NA,NA,NA,NA,NA,NA
"ASV_418","k__Fungi","p__Ascomycota","c__Lecanoromycetes","o__Candelariales","f__Candelariaceae","g__Candelariella",NA
"ASV_421","k__Fungi","p__Ascomycota","c__Leotiomycetes","o__Helotiales","f__Helotiales_fam_Incertae_sedis","g__Cadophora","s__melinii"
"ASV_422","k__Fungi","p__Ascomycota","c__Lecanoromycetes","o__Caliciales","f__Caliciaceae","g__Buellia","s__triseptata"
"ASV_423","k__Fungi","p__Ascomycota","c__Dothideomycetes","o__Capnodiales",NA,NA,NA
"ASV_424",NA,NA,NA,NA,NA,NA,NA
"ASV_426","k__Fungi","p__Basidiomycota","c__Agaricomycetes","o__Polyporales","f__Ganodermataceae",NA,NA
"ASV_427","k__Fungi","p__Ascomycota","c__Eurotiomycetes","o__Chaetothyriales","f__Herpotrichiellaceae","g__Capronia",NA
"ASV_429","k__Fungi","p__Ascomycota","c__Eurotiomycetes","o__Chaetothyriales","f__Herpotrichiellaceae","g__Rhinocladiella",NA
"ASV_430","k__Fungi","p__Ascomycota","c__Orbiliomycetes","o__Orbiliales","f__Orbiliaceae","g__Orbilia","s__abutilonis"
"ASV_431",NA,NA,NA,NA,NA,NA,NA
"ASV_432","k__Fungi","p__Ascomycota","c__Dothideomycetes","o__Pleosporales","f__Pleosporales_fam_Incertae_sedis","g__Nigrograna",NA
"ASV_434","k__Fungi","p__Ascomycota","c__Orbiliomycetes","o__Orbiliales","f__Orbiliaceae","g__Brachyphoris",NA
"ASV_435","k__Fungi","p__Ascomycota","c__Dothideomycetes","o__Pleosporales","f__Melanommataceae","g__Herpotrichia","s__parasitica"
"ASV_437","k__Fungi","p__Ascomycota","c__Eurotiomycetes","o__Chaetothyriales","f__Cyphellophoraceae","g__Cyphellophora","s__sessilis"
"ASV_438","k__Fungi","p__Ascomycota","c__Sordariomycetes","o__Hypocreales","f__Hypocreales_fam_Incertae_sedis","g__Sarocladium",NA
"ASV_439","k__Fungi","p__Ascomycota","c__Dothideomycetes","o__Pleosporales","f__Lophiostomataceae","g__Lophiostoma","s__cynaroidis"
"ASV_440","k__Fungi","p__Ascomycota","c__Sordariomycetes","o__Hypocreales","f__Nectriaceae","g__Nectria",NA
"ASV_441","k__Fungi",NA,NA,NA,NA,NA,NA
"ASV_442","k__Fungi","p__Ascomycota","c__Dothideomycetes","o__Pleosporales","f__Didymellaceae","g__Epicoccum","s__nigrum"
"ASV_445","k__Fungi","p__Ascomycota","c__Eurotiomycetes","o__Phaeomoniellales","f__Phaeomoniellaceae",NA,NA
"ASV_447","k__Fungi","p__Ascomycota","c__Dothideomycetes","o__Capnodiales","f__Mycosphaerellaceae","g__Geastrumia","s__polystigmatis"
"ASV_448","k__Fungi","p__Ascomycota","c__Eurotiomycetes","o__Phaeomoniellales",NA,NA,NA
"ASV_449","k__Fungi","p__Ascomycota","c__Dothideomycetes","o__Capnodiales",NA,NA,NA
"ASV_450","k__Fungi","p__Ascomycota","c__Dothideomycetes","o__Myriangiales","f__Elsinoaceae",NA,NA
"ASV_451","k__Fungi","p__Ascomycota","c__Dothideomycetes","o__Capnodiales",NA,NA,NA
"ASV_452","k__Fungi","p__Ascomycota","c__Dothideomycetes","o__Capnodiales","f__Teratosphaeriaceae","g__Devriesia",NA
"ASV_453","k__Fungi","p__Ascomycota","c__Leotiomycetes","o__Helotiales","f__Helotiaceae","g__Pragmopora",NA
"ASV_454","k__Fungi","p__Ascomycota","c__Dothideomycetes","o__Pleosporales","f__Thyridariaceae",NA,NA
"ASV_455","k__Fungi","p__Ascomycota",NA,NA,NA,NA,NA
"ASV_456","k__Fungi","p__Ascomycota","c__Leotiomycetes","o__Helotiales",NA,NA,NA
"ASV_457","k__Fungi","p__Ascomycota","c__Lecanoromycetes","o__Lecanorales","f__Lecanoraceae","g__Lecanora",NA
"ASV_458","k__Fungi","p__Ascomycota","c__Dothideomycetes","o__Capnodiales","f__Teratosphaeriaceae","g__Devriesia",NA
"ASV_459","k__Fungi","p__Ascomycota","c__Leotiomycetes","o__Helotiales",NA,NA,NA
"ASV_460",NA,NA,NA,NA,NA,NA,NA
"ASV_463","k__Fungi","p__Ascomycota","c__Dothideomycetes","o__Pleosporales","f__Cucurbitariaceae",NA,NA
"ASV_464","k__Fungi","p__Ascomycota",NA,NA,NA,NA,NA
"ASV_466","k__Fungi","p__Ascomycota","c__Eurotiomycetes","o__Chaetothyriales","f__Chaetothyriaceae","g__Camptophora",NA
"ASV_467","k__Fungi","p__Ascomycota","c__Eurotiomycetes","o__Phaeomoniellales","f__Phaeomoniellaceae",NA,NA
"ASV_469","k__Fungi","p__Ascomycota","c__Sordariomycetes","o__Hypocreales","f__Ophiocordycipitaceae","g__Tolypocladium",NA
"ASV_471","k__Fungi","p__Ascomycota","c__Sordariomycetes","o__Hypocreales","f__Ophiocordycipitaceae","g__Hirsutella","s__minnesotensis"
"ASV_472","k__Fungi","p__Ascomycota",NA,NA,NA,NA,NA
"ASV_473",NA,NA,NA,NA,NA,NA,NA
"ASV_474","k__Fungi","p__Ascomycota","c__Sordariomycetes","o__Diaporthales","f__Valsaceae","g__Cytospora","s__prunicola"
"ASV_475","k__Fungi","p__Ascomycota","c__Dothideomycetes","o__Myriangiales","f__Myriangiales_fam_Incertae_sedis","g__Endosporium","s__populi-tremuloides"
"ASV_476","k__Fungi","p__Basidiomycota","c__Agaricomycetes","o__Hymenochaetales","f__Schizoporaceae","g__Xylodon","s__flaviporus"
"ASV_479","k__Fungi","p__Ascomycota","c__Dothideomycetes","o__Pleosporales","f__Cucurbitariaceae",NA,NA
"ASV_482","k__Fungi","p__Ascomycota","c__Sordariomycetes","o__Hypocreales",NA,NA,NA
"ASV_485","k__Fungi","p__Basidiomycota","c__Agaricomycetes",NA,NA,NA,NA
"ASV_486","k__Fungi","p__Ascomycota","c__Dothideomycetes","o__Pleosporales",NA,NA,NA
"ASV_487",NA,NA,NA,NA,NA,NA,NA
"ASV_490","k__Fungi","p__Ascomycota","c__Lecanoromycetes","o__Lecanorales","f__Ramalinaceae",NA,NA
"ASV_493","k__Fungi","p__Ascomycota","c__Leotiomycetes","o__Helotiales","f__Helotiaceae","g__Pragmopora",NA
"ASV_494","k__Fungi","p__Ascomycota",NA,NA,NA,NA,NA
"ASV_495","k__Fungi","p__Ascomycota","c__Dothideomycetes","o__Myriangiales","f__Elsinoaceae",NA,NA
"ASV_496",NA,NA,NA,NA,NA,NA,NA
"ASV_497","k__Fungi","p__Basidiomycota","c__Cystobasidiomycetes","o__Cystobasidiales","f__Cystobasidiaceae",NA,NA
"ASV_498","k__unidentified",NA,NA,NA,NA,NA,"k__unidentified"
"ASV_499","k__Fungi","p__Ascomycota","c__Dothideomycetes","o__Capnodiales","f__Teratosphaeriaceae","g__Devriesia",NA
"ASV_500","k__Fungi","p__Ascomycota","c__Dothideomycetes","o__Pleosporales","f__Cucurbitariaceae","g__Pyrenochaeta","s__inflorescentiae"
"ASV_501","k__Fungi","p__Ascomycota",NA,NA,NA,NA,NA
"ASV_502","k__Fungi","p__Ascomycota","c__Eurotiomycetes","o__Phaeomoniellales","f__Phaeomoniellaceae",NA,NA
"ASV_504",NA,NA,NA,NA,NA,NA,NA
"ASV_506","k__Fungi","p__Ascomycota","c__Eurotiomycetes","o__Chaetothyriales","f__Cyphellophoraceae","g__Cyphellophora","s__sessilis"
"ASV_507","k__Fungi","p__Basidiomycota",NA,NA,NA,NA,NA
"ASV_508","k__Fungi","p__Ascomycota","c__Dothideomycetes","o__Hysteriales","f__Hysteriaceae",NA,NA
"ASV_509",NA,NA,NA,NA,NA,NA,NA
"ASV_511","k__Fungi","p__Ascomycota","c__Eurotiomycetes","o__Phaeomoniellales","f__Phaeomoniellaceae",NA,NA
"ASV_513","k__Fungi","p__Ascomycota","c__Eurotiomycetes","o__Chaetothyriales","f__Herpotrichiellaceae","g__Capronia","s__pulcherrima"
"ASV_515",NA,NA,NA,NA,NA,NA,NA
"ASV_518",NA,NA,NA,NA,NA,NA,NA
"ASV_519","k__Fungi","p__Ascomycota","c__Dothideomycetes","o__Pleosporales","f__Thyridariaceae",NA,NA
"ASV_521","k__Fungi","p__Ascomycota",NA,NA,NA,NA,NA
"ASV_522","k__Fungi","p__Ascomycota","c__Dothideomycetes","o__Pleosporales","f__Pleosporales_fam_Incertae_sedis","g__Cryptocoryneum","s__condensatum"
"ASV_523","k__Fungi","p__Ascomycota","c__Sordariomycetes","o__Hypocreales","f__Ophiocordycipitaceae","g__Tolypocladium",NA
"ASV_524","k__Fungi","p__Ascomycota","c__Dothideomycetes",NA,NA,NA,NA
"ASV_526",NA,NA,NA,NA,NA,NA,NA
"ASV_527","k__Fungi","p__Ascomycota","c__Eurotiomycetes","o__Chaetothyriales","f__Trichomeriaceae","g__Alatosessilispora","s__bibrachiata"
"ASV_529","k__Fungi","p__Ascomycota","c__Dothideomycetes","o__Capnodiales",NA,NA,NA
"ASV_532","k__Fungi","p__Ascomycota",NA,NA,NA,NA,NA
"ASV_533","k__Fungi","p__Ascomycota","c__Dothideomycetes","o__Pleosporales","f__Cucurbitariaceae","g__Neocucurbitaria","s__acerina"
"ASV_534","k__Fungi","p__Ascomycota","c__Dothideomycetes","o__Pleosporales","f__Cucurbitariaceae","g__Neocucurbitaria","s__populi"
"ASV_535","k__Fungi","p__Ascomycota",NA,NA,NA,NA,NA
"ASV_536","k__Fungi","p__Ascomycota","c__Eurotiomycetes","o__Chaetothyriales","f__Herpotrichiellaceae","g__Rhinocladiella",NA
"ASV_538","k__Fungi","p__Ascomycota","c__Sordariomycetes","o__Glomerellales","f__Plectosphaerellaceae","g__Verticillium","s__albo-atrum"
"ASV_539","k__Fungi","p__Ascomycota","c__Dothideomycetes","o__Capnodiales","f__Mycosphaerellaceae",NA,NA
"ASV_540","k__Fungi","p__Ascomycota","c__Lecanoromycetes","o__Caliciales","f__Physciaceae","g__Phaeophyscia","s__rubropulchra"
"ASV_541","k__Fungi","p__Ascomycota","c__Dothideomycetes","o__Pleosporales","f__Cucurbitariaceae","g__Neocucurbitaria","s__vachelliae"
"ASV_542","k__Fungi","p__Ascomycota","c__Eurotiomycetes","o__Phaeomoniellales","f__Phaeomoniellaceae",NA,NA
"ASV_543","k__Fungi","p__Ascomycota","c__Eurotiomycetes","o__Phaeomoniellales","f__Phaeomoniellaceae",NA,NA
"ASV_544","k__Fungi","p__Ascomycota","c__Eurotiomycetes","o__Chaetothyriales","f__Herpotrichiellaceae","g__Exophiala",NA
"ASV_545","k__Fungi","p__Ascomycota","c__Lecanoromycetes",NA,NA,NA,NA
"ASV_547","k__Fungi","p__Ascomycota","c__Lecanoromycetes","o__Lecanoromycetes_ord_Incertae_sedis","f__Lecanoromycetes_fam_Incertae_sedis","g__Dictyocatenulata",NA
"ASV_548","k__Fungi","p__Ascomycota",NA,NA,NA,NA,NA
"ASV_549","k__Fungi","p__Ascomycota","c__Dothideomycetes","o__Pleosporales",NA,NA,NA
"ASV_552","k__Fungi","p__Basidiomycota","c__Agaricomycetes","o__Polyporales","f__Ganodermataceae",NA,NA
"ASV_553",NA,NA,NA,NA,NA,NA,NA
"ASV_555","k__Fungi","p__Basidiomycota","c__Tremellomycetes","o__Cystofilobasidiales","f__Cystofilobasidiaceae","g__Cystofilobasidium","s__capitatum"
"ASV_556","k__Fungi","p__Ascomycota",NA,NA,NA,NA,NA
"ASV_558","k__Fungi","p__Ascomycota","c__Leotiomycetes","o__Phacidiales","f__Phacidiaceae",NA,NA
"ASV_561","k__Fungi","p__Ascomycota","c__Eurotiomycetes","o__Chaetothyriales","f__Herpotrichiellaceae","g__Capronia",NA
"ASV_562",NA,NA,NA,NA,NA,NA,NA
"ASV_563","k__Fungi","p__Ascomycota","c__Lecanoromycetes","o__Caliciales","f__Physciaceae","g__Phaeophyscia",NA
"ASV_564","k__Fungi","p__Ascomycota","c__Sordariomycetes","o__Hypocreales","f__Hypocreaceae","g__Trichoderma","s__koningii"
"ASV_565","k__Fungi","p__Ascomycota","c__Sordariomycetes","o__Hypocreales",NA,NA,NA
"ASV_569","k__Fungi","p__Ascomycota",NA,NA,NA,NA,NA
"ASV_570","k__Fungi","p__Ascomycota","c__Dothideomycetes","o__Pleosporales","f__Melanommataceae",NA,NA
"ASV_575","k__Fungi","p__Ascomycota","c__Sordariomycetes","o__Hypocreales","f__Nectriaceae","g__Microcera",NA
"ASV_576","k__Fungi","p__Ascomycota","c__Dothideomycetes","o__Pleosporales","f__Occultibambusaceae","g__Brunneofusispora","s__sinensis"
"ASV_577","k__Fungi","p__Ascomycota","c__Sordariomycetes","o__Sordariales","f__Cephalothecaceae",NA,NA
"ASV_578","k__Fungi","p__Ascomycota","c__Sordariomycetes","o__Hypocreales","f__Bionectriaceae",NA,NA
"ASV_579","k__Fungi","p__Ascomycota","c__Dothideomycetes","o__Capnodiales",NA,NA,NA
"ASV_580","k__Fungi","p__Ascomycota","c__Eurotiomycetes","o__Chaetothyriales","f__Herpotrichiellaceae","g__Rhinocladiella",NA
"ASV_582","k__Fungi","p__Ascomycota","c__Eurotiomycetes","o__Chaetothyriales","f__Herpotrichiellaceae","g__Rhinocladiella",NA
"ASV_583","k__Fungi","p__Ascomycota","c__Dothideomycetes","o__Capnodiales","f__Teratosphaeriaceae","g__Devriesia",NA
"ASV_586",NA,NA,NA,NA,NA,NA,NA
"ASV_587","k__Fungi","p__Ascomycota","c__Dothideomycetes","o__Pleosporales","f__Melanommataceae",NA,NA
"ASV_589","k__Fungi","p__Ascomycota","c__Sordariomycetes","o__Hypocreales","f__Ophiocordycipitaceae","g__Polycephalomyces",NA
"ASV_590","k__Fungi","p__Ascomycota","c__Eurotiomycetes","o__Chaetothyriales","f__Herpotrichiellaceae","g__Capronia","s__pulcherrima"
"ASV_591","k__Fungi","p__Ascomycota","c__Sordariomycetes","o__Sordariales","f__Cephalothecaceae",NA,NA
"ASV_593","k__Fungi",NA,NA,NA,NA,NA,NA
"ASV_594","k__Fungi",NA,NA,NA,NA,NA,NA
"ASV_595",NA,NA,NA,NA,NA,NA,NA
"ASV_596","k__Fungi","p__Ascomycota","c__Dothideomycetes","o__Capnodiales",NA,NA,NA
"ASV_601","k__Fungi","p__Ascomycota","c__Lecanoromycetes","o__Lecanorales","f__Ramalinaceae","g__Bacidina","s__sulphurella"
"ASV_602","k__Fungi","p__Ascomycota","c__Dothideomycetes","o__Pleosporales","f__Teichosporaceae","g__Teichospora","s__rubriostiolata"
"ASV_603",NA,NA,NA,NA,NA,NA,NA
"ASV_606","k__Fungi","p__Ascomycota","c__Dothideomycetes","o__Pleosporales","f__Pleosporales_fam_Incertae_sedis","g__Crassiperidium","s__quadrisporum"
"ASV_607","k__Fungi","p__Basidiomycota","c__Tremellomycetes","o__Tremellales","f__Cuniculitremaceae",NA,NA
"ASV_608","k__Fungi","p__Ascomycota","c__Dothideomycetes","o__Capnodiales",NA,NA,NA
"ASV_611",NA,NA,NA,NA,NA,NA,NA
"ASV_613",NA,NA,NA,NA,NA,NA,NA
"ASV_614","k__Fungi","p__Ascomycota","c__Dothideomycetes","o__Capnodiales","f__Capnodiales_fam_Incertae_sedis","g__Arthrocatena","s__tenebrio"
"ASV_619","k__Fungi","p__Ascomycota","c__Dothideomycetes","o__Myriangiales","f__Elsinoaceae",NA,NA
"ASV_621","k__Fungi","p__Ascomycota","c__Lecanoromycetes","o__Ostropales","f__Stictidaceae","g__Neofitzroyomyces","s__nerii"
"ASV_622","k__Fungi","p__Ascomycota","c__Dothideomycetes","o__Capnodiales","f__Capnodiales_fam_Incertae_sedis","g__Arthrocatena",NA
"ASV_624","k__Fungi","p__Ascomycota","c__Dothideomycetes","o__Pleosporales","f__Thyridariaceae",NA,NA
"ASV_625","k__Fungi","p__Ascomycota","c__Dothideomycetes","o__Pleosporales","f__Didymosphaeriaceae","g__Kalmusia","s__variispora"
"ASV_626","k__Fungi","p__Ascomycota","c__Dothideomycetes","o__Capnodiales","f__Mycosphaerellaceae","g__Ramularia",NA
"ASV_629","k__Fungi","p__Ascomycota","c__Lecanoromycetes","o__Teloschistales","f__Teloschistaceae","g__Caloplaca","s__ahtii"
"ASV_630","k__Fungi","p__Ascomycota","c__Eurotiomycetes","o__Chaetothyriales","f__Herpotrichiellaceae","g__Exophiala","s__castellanii"
"ASV_633","k__Fungi","p__Basidiomycota","c__Agaricostilbomycetes","o__Agaricostilbales","f__Chionosphaeraceae",NA,NA
"ASV_634",NA,NA,NA,NA,NA,NA,NA
"ASV_635","k__Fungi","p__Ascomycota","c__Leotiomycetes","o__Helotiales","f__Hyaloscyphaceae","g__Proliferodiscus","s__earoleucus"
"ASV_637",NA,NA,NA,NA,NA,NA,NA
"ASV_638","k__Fungi","p__Ascomycota","c__Dothideomycetes","o__Pleosporales","f__Leptosphaeriaceae","g__Plenodomus","s__biglobosus"
"ASV_639",NA,NA,NA,NA,NA,NA,NA
"ASV_640","k__Fungi","p__Ascomycota","c__Dothideomycetes","o__Pleosporales","f__Pleosporaceae","g__Alternaria","s__alternata"
"ASV_641","k__Fungi","p__Ascomycota","c__Dothideomycetes",NA,NA,NA,NA
"ASV_642","k__Fungi","p__Ascomycota","c__Dothideomycetes","o__Pleosporales",NA,NA,NA
"ASV_643","k__Fungi","p__Ascomycota","c__Dothideomycetes","o__Pleosporales",NA,NA,NA
"ASV_644","k__Fungi","p__Ascomycota","c__Eurotiomycetes","o__Chaetothyriales","f__Herpotrichiellaceae","g__Veronaea","s__japonica"
"ASV_646","k__Fungi","p__Ascomycota","c__Sordariomycetes","o__Hypocreales","f__Hypocreales_fam_Incertae_sedis","g__Sarocladium","s__dejongiae"
"ASV_648","k__Fungi","p__Ascomycota","c__Dothideomycetes","o__Pleosporales","f__Thyridariaceae",NA,NA
"ASV_649","k__Fungi","p__Ascomycota","c__Dothideomycetes","o__Capnodiales",NA,NA,NA
"ASV_650","k__Fungi","p__Ascomycota","c__Sordariomycetes","o__Hypocreales","f__Cordycipitaceae","g__Beauveria",NA
"ASV_655","k__Fungi","p__Ascomycota","c__Eurotiomycetes","o__Chaetothyriales","f__Herpotrichiellaceae","g__Rhinocladiella",NA
"ASV_656","k__Fungi","p__Ascomycota","c__Dothideomycetes","o__Pleosporales","f__Cucurbitariaceae","g__Neocucurbitaria","s__vachelliae"
"ASV_657","k__Fungi","p__Basidiomycota","c__Tremellomycetes","o__Tremellales","f__Bulleribasidiaceae","g__Hannaella","s__oryzae"
"ASV_658",NA,NA,NA,NA,NA,NA,NA
"ASV_659","k__Fungi","p__Ascomycota",NA,NA,NA,NA,NA
"ASV_660","k__Fungi","p__Ascomycota","c__Dothideomycetes","o__Capnodiales","f__Teratosphaeriaceae","g__Devriesia","s__pseudoamericana"
"ASV_663","k__Fungi","p__Ascomycota","c__Eurotiomycetes","o__Chaetothyriales","f__Herpotrichiellaceae","g__Exophiala","s__moniliae"
"ASV_664","k__Fungi","p__Basidiomycota","c__Agaricomycetes","o__Polyporales","f__Ganodermataceae",NA,NA
"ASV_666","k__Fungi","p__Basidiomycota","c__Agaricostilbomycetes","o__Agaricostilbales","f__Chionosphaeraceae",NA,NA
"ASV_667","k__Fungi","p__Ascomycota","c__Eurotiomycetes","o__Chaetothyriales","f__Herpotrichiellaceae","g__Veronaea","s__japonica"
"ASV_670","k__Fungi","p__Ascomycota","c__Dothideomycetes","o__Capnodiales",NA,NA,NA
"ASV_672",NA,NA,NA,NA,NA,NA,NA
"ASV_673","k__Fungi","p__Ascomycota","c__Dothideomycetes","o__Pleosporales",NA,NA,NA
"ASV_674","k__Fungi","p__Ascomycota","c__Dothideomycetes","o__Dothideales","f__Aureobasidiaceae","g__Aureobasidium","s__pullulans"
"ASV_676","k__Fungi","p__Ascomycota","c__Dothideomycetes","o__Myriangiales","f__Elsinoaceae",NA,NA
"ASV_678","k__Fungi","p__Ascomycota","c__Orbiliomycetes","o__Orbiliales","f__Orbiliaceae","g__Hyalorbilia","s__erythrostigma"
"ASV_679","k__Fungi","p__Ascomycota","c__Sordariomycetes","o__Hypocreales","f__Nectriaceae","g__Pseudocosmospora",NA
"ASV_680","k__Fungi","p__Ascomycota","c__Lecanoromycetes","o__Lecanorales",NA,NA,NA
"ASV_681","k__Fungi","p__Ascomycota","c__Orbiliomycetes","o__Orbiliales","f__Orbiliaceae",NA,NA
"ASV_683","k__Fungi","p__Ascomycota","c__Eurotiomycetes","o__Phaeomoniellales","f__Phaeomoniellaceae",NA,NA
"ASV_685","k__Fungi","p__Ascomycota","c__Dothideomycetes","o__Myriangiales","f__Elsinoaceae",NA,NA
"ASV_686",NA,NA,NA,NA,NA,NA,NA
"ASV_687","k__Fungi","p__Ascomycota","c__Eurotiomycetes","o__Chaetothyriales","f__Herpotrichiellaceae","g__Cladophialophora","s__chaetospira"
"ASV_688","k__Fungi","p__Ascomycota",NA,NA,NA,NA,NA
"ASV_693","k__Fungi","p__Ascomycota","c__Dothideomycetes","o__Capnodiales",NA,NA,NA
"ASV_694","k__Fungi","p__Ascomycota","c__Dothideomycetes","o__Myriangiales","f__Elsinoaceae","g__Elsinoe",NA
"ASV_696","k__Fungi","p__Ascomycota",NA,NA,NA,NA,NA
"ASV_698","k__Fungi","p__Ascomycota","c__Orbiliomycetes","o__Orbiliales","f__Orbiliaceae","g__Orbilia","s__aristata"
"ASV_699","k__Fungi","p__Ascomycota","c__Dothideomycetes","o__Pleosporales","f__Phaeosphaeriaceae","g__Acericola","s__italica"
"ASV_701","k__Fungi","p__Ascomycota","c__Eurotiomycetes","o__Chaetothyriales","f__Herpotrichiellaceae","g__Rhinocladiella",NA
"ASV_702","k__Fungi","p__Ascomycota","c__Dothideomycetes","o__Pleosporales","f__Phaeosphaeriaceae","g__Setophaeosphaeria",NA
"ASV_704","k__Fungi","p__Basidiomycota","c__Agaricomycetes","o__Polyporales","f__Ganodermataceae",NA,NA
"ASV_705",NA,NA,NA,NA,NA,NA,NA
"ASV_706","k__Fungi","p__Ascomycota",NA,NA,NA,NA,NA
"ASV_707","k__Fungi","p__Ascomycota","c__Dothideomycetes","o__Pleosporales",NA,NA,NA
"ASV_708",NA,NA,NA,NA,NA,NA,NA
"ASV_709","k__Fungi","p__Ascomycota","c__Dothideomycetes","o__Myriangiales","f__Myriangiales_fam_Incertae_sedis",NA,NA
"ASV_710","k__Fungi","p__Ascomycota","c__Lecanoromycetes",NA,NA,NA,NA
"ASV_711","k__Fungi","p__Ascomycota","c__Lecanoromycetes","o__Lecanorales","f__Ramalinaceae","g__Lecania","s__croatica"
"ASV_712","k__Fungi","p__Ascomycota","c__Sordariomycetes","o__Sordariales","f__Cephalothecaceae",NA,NA
"ASV_713","k__Fungi","p__Ascomycota","c__Eurotiomycetes","o__Chaetothyriales","f__Herpotrichiellaceae","g__Exophiala","s__moniliae"
"ASV_714","k__Fungi","p__Ascomycota","c__Eurotiomycetes","o__Chaetothyriales","f__Cyphellophoraceae","g__Anthopsis","s__deltoidea"
"ASV_715","k__Fungi","p__Ascomycota",NA,NA,NA,NA,NA
"ASV_717","k__Fungi","p__Ascomycota","c__Saccharomycetes","o__Saccharomycetales","f__Phaffomycetaceae","g__Wickerhamomyces","s__hampshirensis"
"ASV_721","k__Fungi","p__Ascomycota","c__Sordariomycetes","o__Hypocreales","f__Nectriaceae",NA,NA
"ASV_722","k__Fungi","p__Ascomycota","c__Dothideomycetes","o__Pleosporales","f__Cucurbitariaceae",NA,NA
"ASV_723","k__Fungi","p__Ascomycota","c__Leotiomycetes","o__Helotiales","f__Dermateaceae","g__Pezicula","s__sporulosa"
"ASV_724","k__Fungi","p__Ascomycota",NA,NA,NA,NA,NA
"ASV_725","k__Fungi","p__Ascomycota","c__Lecanoromycetes","o__Lecanorales","f__Ramalinaceae","g__Lecania","s__croatica"
"ASV_726","k__Fungi","p__Ascomycota","c__Dothideomycetes","o__Capnodiales","f__Neodevriesiaceae",NA,NA
"ASV_727","k__Fungi","p__Ascomycota",NA,NA,NA,NA,NA
"ASV_730","k__Fungi","p__Ascomycota","c__Dothideomycetes","o__Pleosporales","f__Lentitheciaceae",NA,NA
"ASV_731","k__Fungi","p__Ascomycota","c__Dothideomycetes","o__Pleosporales","f__Phaeosphaeriaceae","g__Acericola","s__italica"
"ASV_732","k__Fungi","p__Ascomycota","c__Sordariomycetes","o__Hypocreales","f__Nectriaceae",NA,NA
"ASV_735","k__Fungi","p__Ascomycota",NA,NA,NA,NA,NA
"ASV_736","k__Fungi","p__Ascomycota","c__Sordariomycetes","o__Hypocreales","f__Ophiocordycipitaceae","g__Hirsutella","s__lecaniicola"
"ASV_740","k__Fungi","p__Basidiomycota","c__Cystobasidiomycetes",NA,NA,NA,NA
"ASV_742","k__Fungi","p__Ascomycota","c__Sordariomycetes",NA,NA,NA,NA
"ASV_746","k__Fungi","p__Ascomycota","c__Dothideomycetes","o__Capnodiales","f__Teratosphaeriaceae","g__Devriesia","s__pseudoamericana"
"ASV_748","k__Fungi","p__Ascomycota","c__Sordariomycetes","o__Togniniales","f__Togniniaceae","g__Phaeoacremonium",NA
"ASV_749","k__Fungi","p__Basidiomycota","c__Spiculogloeomycetes",NA,NA,NA,NA
"ASV_750",NA,NA,NA,NA,NA,NA,NA
"ASV_751","k__Fungi","p__Ascomycota","c__Dothideomycetes","o__Myriangiales","f__Myriangiales_fam_Incertae_sedis","g__Endosporium",NA
"ASV_755",NA,NA,NA,NA,NA,NA,NA
"ASV_759","k__Fungi","p__Ascomycota","c__Dothideomycetes","o__Pleosporales","f__Leptosphaeriaceae","g__Plenodomus","s__biglobosus"
"ASV_762","k__Fungi","p__Ascomycota","c__Eurotiomycetes","o__Phaeomoniellales","f__Phaeomoniellaceae",NA,NA
"ASV_763","k__Fungi","p__Ascomycota","c__Dothideomycetes","o__Capnodiales",NA,NA,NA
"ASV_764","k__Fungi","p__Ascomycota","c__Sordariomycetes",NA,NA,NA,NA
"ASV_765","k__Fungi","p__Ascomycota","c__Lecanoromycetes",NA,NA,NA,NA
"ASV_767","k__Fungi","p__Ascomycota","c__Orbiliomycetes","o__Orbiliales","f__Orbiliaceae","g__Arthrobotrys","s__psychrophila"
"ASV_769","k__Fungi","p__Ascomycota","c__Sordariomycetes","o__Hypocreales","f__Nectriaceae","g__Neonectria","s__faginata"
"ASV_771","k__Fungi","p__Ascomycota","c__Eurotiomycetes","o__Chaetothyriales","f__Herpotrichiellaceae","g__Rhinocladiella",NA
"ASV_773","k__Fungi","p__Ascomycota",NA,NA,NA,NA,NA
"ASV_775",NA,NA,NA,NA,NA,NA,NA
"ASV_776","k__Fungi","p__Basidiomycota","c__Agaricomycetes","o__Agaricales","f__Lycoperdaceae","g__Lycoperdon","s__pyriforme"
"ASV_777","k__Fungi","p__Ascomycota","c__Dothideomycetes","o__Pleosporales",NA,NA,NA
"ASV_779","k__Fungi","p__Ascomycota","c__Dothideomycetes","o__Hysteriales","f__Hysteriaceae","g__Hysterium",NA
"ASV_785","k__Fungi",NA,NA,NA,NA,NA,NA
"ASV_787","k__Fungi","p__Ascomycota","c__Dothideomycetes","o__Pleosporales","f__Cucurbitariaceae","g__Pyrenochaeta",NA
"ASV_788","k__Fungi","p__Ascomycota","c__Dothideomycetes","o__Capnodiales",NA,NA,NA
"ASV_791","k__Fungi","p__Ascomycota","c__Eurotiomycetes","o__Chaetothyriales","f__Herpotrichiellaceae",NA,NA
"ASV_793","k__Fungi","p__Ascomycota","c__Sordariomycetes","o__Hypocreales","f__Bionectriaceae","g__Gliomastix","s__tumulicola"
"ASV_794","k__Fungi","p__Ascomycota","c__Sordariomycetes","o__Hypocreales","f__Hypocreales_fam_Incertae_sedis","g__Acremonium","s__furcatum"
"ASV_796","k__Fungi","p__Ascomycota","c__Dothideomycetes","o__Capnodiales","f__Capnodiaceae","g__Antennariella","s__placitae"
"ASV_798","k__Fungi","p__Ascomycota","c__Eurotiomycetes","o__Chaetothyriales","f__Herpotrichiellaceae",NA,NA
"ASV_799","k__Fungi","p__Ascomycota","c__Eurotiomycetes","o__Chaetothyriales","f__Cyphellophoraceae","g__Cyphellophora",NA
"ASV_802","k__Fungi","p__Ascomycota","c__Dothideomycetes","o__Pleosporales","f__Didymellaceae","g__Didymella","s__bellidis"
"ASV_803","k__Fungi","p__Ascomycota","c__Eurotiomycetes","o__Chaetothyriales","f__Herpotrichiellaceae","g__Rhinocladiella",NA
"ASV_804","k__Fungi","p__Basidiomycota","c__Agaricostilbomycetes",NA,NA,NA,NA
"ASV_805",NA,NA,NA,NA,NA,NA,NA
"ASV_806","k__Fungi","p__Ascomycota","c__Eurotiomycetes","o__Chaetothyriales","f__Herpotrichiellaceae","g__Cladophialophora","s__chaetospira"
"ASV_807","k__Fungi","p__Ascomycota","c__Pezizomycotina_cls_Incertae_sedis","o__Pezizomycotina_ord_Incertae_sedis","f__Pezizomycotina_fam_Incertae_sedis","g__Nematogonum","s__ferrugineum"
"ASV_808","k__Fungi","p__Ascomycota","c__Dothideomycetes","o__Capnodiales",NA,NA,NA
"ASV_811","k__Fungi","p__Ascomycota","c__Lecanoromycetes","o__Lecanorales","f__Ramalinaceae",NA,NA
"ASV_814","k__Fungi","p__Ascomycota","c__Sordariomycetes","o__Glomerellales","f__Plectosphaerellaceae","g__Gibellulopsis","s__nigrescens"
"ASV_817","k__Fungi","p__Ascomycota",NA,NA,NA,NA,NA
"ASV_819","k__Fungi","p__Ascomycota","c__Dothideomycetes","o__Capnodiales",NA,NA,NA
"ASV_820",NA,NA,NA,NA,NA,NA,NA
"ASV_821","k__Fungi","p__Ascomycota",NA,NA,NA,NA,NA
"ASV_823","k__Fungi","p__Ascomycota","c__Dothideomycetes","o__Capnodiales","f__Teratosphaeriaceae",NA,NA
"ASV_824","k__Fungi","p__Ascomycota","c__Sordariomycetes","o__Xylariales","f__Amphisphaeriaceae","g__Brachysporiella","s__navarrica"
"ASV_825","k__Fungi","p__Ascomycota","c__Sordariomycetes","o__Diaporthales","f__Valsaceae",NA,NA
"ASV_827","k__Fungi","p__Ascomycota","c__Dothideomycetes","o__Capnodiales","f__Teratosphaeriaceae","g__Devriesia","s__pseudoamericana"
"ASV_828","k__Fungi","p__Ascomycota","c__Dothideomycetes","o__Myriangiales","f__Myriangiaceae",NA,NA
"ASV_830","k__Fungi","p__Basidiomycota","c__Tremellomycetes","o__Tremellales","f__Bulleribasidiaceae","g__Vishniacozyma","s__heimaeyensis"
"ASV_833","k__Fungi","p__Ascomycota",NA,NA,NA,NA,NA
"ASV_835","k__Fungi","p__Ascomycota","c__Dothideomycetes","o__Pleosporales","f__Occultibambusaceae","g__Brunneofusispora","s__sinensis"
"ASV_836","k__Fungi","p__Ascomycota","c__Dothideomycetes","o__Pleosporales","f__Cucurbitariaceae","g__Synfenestella",NA
"ASV_837",NA,NA,NA,NA,NA,NA,NA
"ASV_841",NA,NA,NA,NA,NA,NA,NA
"ASV_844","k__Fungi","p__Ascomycota","c__Dothideomycetes","o__Capnodiales","f__Neodevriesiaceae","g__Tripospermum","s__infalcatum"
"ASV_845",NA,NA,NA,NA,NA,NA,NA
"ASV_847","k__Fungi","p__Ascomycota","c__Sordariomycetes","o__Sordariales","f__Cephalothecaceae",NA,NA
"ASV_848","k__Fungi","p__Ascomycota","c__Lecanoromycetes","o__Lecanoromycetes_ord_Incertae_sedis","f__Lecanoromycetes_fam_Incertae_sedis",NA,NA
"ASV_849","k__Fungi","p__Ascomycota","c__Dothideomycetes","o__Capnodiales",NA,NA,NA
"ASV_850","k__Fungi","p__Ascomycota","c__Dothideomycetes",NA,NA,NA,NA
"ASV_851",NA,NA,NA,NA,NA,NA,NA
"ASV_858","k__Fungi","p__Ascomycota","c__Sordariomycetes","o__Hypocreales","f__Nectriaceae","g__Fusicolla","s__violacea"
"ASV_860","k__Fungi","p__Ascomycota","c__Orbiliomycetes",NA,NA,NA,NA
"ASV_861","k__Fungi","p__Ascomycota","c__Lecanoromycetes","o__Ostropales","f__Stictidaceae","g__Cryptodiscus",NA
"ASV_862","k__Fungi","p__Ascomycota","c__Eurotiomycetes","o__Chaetothyriales","f__Herpotrichiellaceae","g__Cladophialophora",NA
"ASV_863","k__Fungi","p__Ascomycota","c__Dothideomycetes","o__Capnodiales","f__Cladosporiaceae","g__Cladosporium","s__sphaerospermum"
"ASV_865","k__Fungi","p__Ascomycota","c__Leotiomycetes","o__Helotiales",NA,NA,NA
"ASV_866","k__Fungi","p__Basidiomycota","c__Agaricostilbomycetes","o__Agaricostilbales","f__Chionosphaeraceae",NA,NA
"ASV_868","k__Fungi","p__Ascomycota","c__Dothideomycetes","o__Pleosporales",NA,NA,NA
"ASV_871","k__Fungi","p__Ascomycota","c__Eurotiomycetes","o__Phaeomoniellales","f__Phaeomoniellaceae",NA,NA
"ASV_873","k__Fungi","p__Ascomycota","c__Eurotiomycetes","o__Chaetothyriales","f__Herpotrichiellaceae","g__Cladophialophora","s__chaetospira"
"ASV_874","k__Fungi","p__Ascomycota","c__Sordariomycetes",NA,NA,NA,NA
"ASV_876","k__Fungi","p__Ascomycota",NA,NA,NA,NA,NA
"ASV_878","k__Fungi","p__Mortierellomycota","c__Mortierellomycetes","o__Mortierellales","f__Mortierellaceae","g__Mortierella","s__schmuckeri"
"ASV_879",NA,NA,NA,NA,NA,NA,NA
"ASV_881","k__Fungi","p__Ascomycota","c__Dothideomycetes","o__Pleosporales","f__Coniothyriaceae","g__Coniothyrium",NA
"ASV_882","k__Fungi","p__Ascomycota","c__Eurotiomycetes","o__Chaetothyriales","f__Herpotrichiellaceae",NA,NA
"ASV_884","k__Fungi","p__Basidiomycota","c__Agaricostilbomycetes","o__Agaricostilbales","f__Chionosphaeraceae",NA,NA
"ASV_886","k__Fungi","p__Ascomycota","c__Eurotiomycetes","o__Phaeomoniellales","f__Phaeomoniellaceae",NA,NA
"ASV_887","k__Fungi","p__Ascomycota","c__Sordariomycetes","o__Diaporthales","f__Valsaceae",NA,NA
"ASV_888","k__Fungi","p__Ascomycota","c__Dothideomycetes","o__Pleosporales","f__Phaeosphaeriaceae","g__Acericola","s__italica"
"ASV_891","k__Fungi","p__Ascomycota","c__Dothideomycetes","o__Capnodiales","f__Teratosphaeriaceae","g__Devriesia","s__pseudoamericana"
"ASV_892","k__Fungi","p__Ascomycota","c__Lecanoromycetes",NA,NA,NA,NA
"ASV_893",NA,NA,NA,NA,NA,NA,NA
"ASV_894","k__Fungi","p__Ascomycota","c__Taphrinomycetes","o__Taphrinales","f__Taphrinaceae","g__Taphrina",NA
"ASV_900",NA,NA,NA,NA,NA,NA,NA
"ASV_902","k__Fungi","p__Ascomycota","c__Dothideomycetes","o__Pleosporales","f__Thyridariaceae",NA,NA
"ASV_904","k__Fungi","p__Ascomycota","c__Sordariomycetes","o__Diaporthales","f__Valsaceae",NA,NA
"ASV_905","k__Fungi","p__Ascomycota","c__Sordariomycetes","o__Hypocreales","f__Nectriaceae","g__Microcera","s__larvarum"
"ASV_909","k__Fungi","p__Ascomycota","c__Dothideomycetes","o__Pleosporales","f__Pleosporales_fam_Incertae_sedis","g__Fuscostagonospora","s__banksiae"
"ASV_912","k__Fungi","p__Ascomycota","c__Eurotiomycetes","o__Chaetothyriales","f__Herpotrichiellaceae","g__Veronaea","s__japonica"
"ASV_913","k__Fungi","p__Ascomycota","c__Sordariomycetes","o__Calosphaeriales","f__Calosphaeriaceae","g__Jattaea",NA
"ASV_914",NA,NA,NA,NA,NA,NA,NA
"ASV_916","k__Fungi","p__Ascomycota","c__Dothideomycetes","o__Pleosporales","f__Melanommataceae","g__Uzbekistanica","s__yakutkhanika"
"ASV_921","k__Fungi","p__Ascomycota","c__Sordariomycetes","o__Calosphaeriales","f__Pleurostomataceae","g__Pleurostoma",NA
"ASV_924","k__Fungi","p__Basidiomycota","c__Tremellomycetes","o__Tremellales","f__Bulleribasidiaceae","g__Vishniacozyma","s__foliicola"
"ASV_929","k__Fungi","p__Ascomycota","c__Dothideomycetes","o__Pleosporales","f__Didymosphaeriaceae","g__Paraconiothyrium",NA
"ASV_930","k__Fungi","p__Ascomycota","c__Dothideomycetes","o__Pleosporales","f__Didymosphaeriaceae","g__Paraconiothyrium",NA
"ASV_931","k__Fungi","p__Ascomycota","c__Dothideomycetes","o__Pleosporales","f__Lentitheciaceae","g__Pleurophoma",NA
"ASV_932","k__Fungi","p__Ascomycota","c__Leotiomycetes","o__Helotiales","f__Sclerotiniaceae","g__Mycopappus",NA
"ASV_935","k__Fungi","p__Ascomycota","c__Dothideomycetes","o__Capnodiales",NA,NA,NA
"ASV_936","k__Fungi","p__Ascomycota","c__Dothideomycetes","o__Pleosporales","f__Cucurbitariaceae","g__Neocucurbitaria",NA
"ASV_939","k__Fungi","p__Ascomycota","c__Eurotiomycetes","o__Eurotiales","f__Aspergillaceae","g__Penicillium","s__glandicola"
"ASV_940","k__Fungi","p__Ascomycota","c__Leotiomycetes","o__Helotiales","f__Hyaloscyphaceae","g__Cistella",NA
"ASV_941","k__Fungi","p__Ascomycota","c__Sordariomycetes","o__Diaporthales","f__Valsaceae",NA,NA
"ASV_943",NA,NA,NA,NA,NA,NA,NA
"ASV_947","k__Fungi","p__Ascomycota","c__Sordariomycetes","o__Hypocreales","f__Ophiocordycipitaceae","g__Hirsutella",NA
"ASV_948",NA,NA,NA,NA,NA,NA,NA
"ASV_954","k__Fungi","p__Basidiomycota","c__Tremellomycetes","o__Tremellales","f__Tremellaceae","g__Cryptococcus",NA
"ASV_955","k__Fungi","p__Basidiomycota","c__Agaricostilbomycetes","o__Agaricostilbales","f__Chionosphaeraceae",NA,NA
"ASV_956","k__Fungi","p__Ascomycota","c__Dothideomycetes","o__Pleosporales","f__Phaeosphaeriaceae","g__Acericola","s__italica"
"ASV_957","k__Fungi","p__Ascomycota","c__Sordariomycetes","o__Xylariales","f__Diatrypaceae",NA,NA
"ASV_958",NA,NA,NA,NA,NA,NA,NA
"ASV_960","k__Fungi","p__Basidiomycota","c__Agaricomycetes","o__Polyporales","f__Meripilaceae",NA,NA
"ASV_962","k__Fungi","p__Ascomycota","c__Dothideomycetes","o__Pleosporales","f__Cucurbitariaceae","g__Neocucurbitaria","s__vachelliae"
"ASV_963",NA,NA,NA,NA,NA,NA,NA
"ASV_965","k__Fungi",NA,NA,NA,NA,NA,NA
"ASV_969",NA,NA,NA,NA,NA,NA,NA
"ASV_970","k__Fungi","p__Ascomycota","c__Dothideomycetes","o__Capnodiales","f__Teratosphaeriaceae","g__Capnobotryella","s__renispora"
"ASV_973","k__Fungi",NA,NA,NA,NA,NA,NA
"ASV_976","k__Fungi","p__Ascomycota","c__Dothideomycetes","o__Capnodiales",NA,NA,NA
"ASV_977","k__Fungi","p__Ascomycota","c__Sordariomycetes","o__Hypocreales","f__Stachybotryaceae","g__Melanopsamma","s__pomiformis"
"ASV_979","k__Fungi","p__Ascomycota","c__Dothideomycetes","o__Capnodiales",NA,NA,NA
"ASV_983","k__Fungi","p__Ascomycota","c__Dothideomycetes","o__Capnodiales",NA,NA,NA
"ASV_984","k__Fungi","p__Ascomycota","c__Eurotiomycetes","o__Chaetothyriales","f__Herpotrichiellaceae","g__Exophiala",NA
"ASV_985","k__Fungi","p__Ascomycota","c__Sordariomycetes","o__Diaporthales","f__Melanconidaceae","g__Prosthecium","s__acerinum"
"ASV_986","k__Fungi","p__Ascomycota","c__Dothideomycetes","o__Pleosporales","f__Cucurbitariaceae",NA,NA
"ASV_988","k__Fungi",NA,NA,NA,NA,NA,NA
"ASV_989","k__Fungi","p__Ascomycota","c__Sordariomycetes",NA,NA,NA,NA
"ASV_991","k__Fungi","p__Ascomycota","c__Dothideomycetes","o__Myriangiales","f__Myriangiaceae","g__Myriangium",NA
"ASV_994",NA,NA,NA,NA,NA,NA,NA
"ASV_999","k__Fungi","p__Ascomycota","c__Eurotiomycetes","o__Chaetothyriales","f__Herpotrichiellaceae","g__Rhinocladiella",NA
"ASV_1001","k__Fungi","p__Ascomycota","c__Dothideomycetes","o__Pleosporales",NA,NA,NA
"ASV_1002","k__Fungi","p__Basidiomycota","c__Microbotryomycetes",NA,NA,NA,NA
"ASV_1003","k__Fungi","p__Ascomycota","c__Dothideomycetes","o__Capnodiales",NA,NA,NA
"ASV_1005","k__Fungi","p__Ascomycota","c__Dothideomycetes","o__Pleosporales","f__Lophiostomataceae","g__Platystomum","s__crataegi"
"ASV_1008","k__Fungi","p__Ascomycota","c__Sordariomycetes","o__Glomerellales","f__Plectosphaerellaceae","g__Gibellulopsis","s__piscis"
"ASV_1009","k__Fungi","p__Ascomycota","c__Dothideomycetes","o__Pleosporales","f__Leptosphaeriaceae","g__Leptosphaeria",NA
"ASV_1012","k__Fungi","p__Basidiomycota","c__Microbotryomycetes","o__Microbotryomycetes_ord_Incertae_sedis","f__Microbotryomycetes_fam_Incertae_sedis","g__Curvibasidium","s__cygneicollum"
"ASV_1017","k__Fungi","p__Ascomycota","c__Eurotiomycetes","o__Chaetothyriales","f__Herpotrichiellaceae","g__Rhinocladiella",NA
"ASV_1018","k__Fungi","p__Ascomycota","c__Dothideomycetes","o__Pleosporales","f__Phaeosphaeriaceae","g__Acericola","s__italica"
"ASV_1020","k__Fungi","p__Ascomycota","c__Orbiliomycetes","o__Orbiliales","f__Orbiliaceae","g__Orbilia",NA
"ASV_1021","k__Fungi","p__Ascomycota","c__Leotiomycetes","o__Helotiales","f__Helotiaceae",NA,NA
"ASV_1022",NA,NA,NA,NA,NA,NA,NA
"ASV_1023","k__Fungi","p__Ascomycota","c__Eurotiomycetes","o__Eurotiales","f__Aspergillaceae","g__Penicillium","s__atrosanguineum"
"ASV_1027","k__Fungi","p__Ascomycota","c__Sordariomycetes","o__Glomerellales","f__Plectosphaerellaceae","g__Stachylidium",NA
"ASV_1028","k__Fungi","p__Ascomycota","c__Dothideomycetes","o__Capnodiales","f__Teratosphaeriaceae","g__Devriesia",NA
"ASV_1031","k__Fungi","p__Basidiomycota","c__Tremellomycetes","o__Tremellales","f__Tremellaceae","g__Tremella","s__moriformis"
"ASV_1032","k__Fungi","p__Ascomycota","c__Dothideomycetes","o__Pleosporales","f__Pleosporales_fam_Incertae_sedis","g__Neohendersonia","s__kickxii"
"ASV_1033","k__Fungi","p__Ascomycota","c__Dothideomycetes","o__Pleosporales",NA,"g__Parapyrenochaeta","s__acaciae"
"ASV_1035","k__Fungi","p__Ascomycota","c__Leotiomycetes","o__Helotiales","f__Helotiales_fam_Incertae_sedis","g__Cryptocline",NA
"ASV_1037",NA,NA,NA,NA,NA,NA,NA
"ASV_1038","k__Fungi","p__Basidiomycota","c__Tremellomycetes","o__Tremellales","f__Bulleraceae","g__Fonsecazyma",NA
"ASV_1040","k__Fungi","p__Ascomycota","c__Lecanoromycetes","o__Candelariales","f__Candelariaceae","g__Candelaria","s__fibrosa"
"ASV_1041","k__Fungi","p__Ascomycota","c__Sordariomycetes","o__Coniochaetales","f__Coniochaetaceae","g__Coniochaeta",NA
"ASV_1043","k__Fungi","p__Ascomycota","c__Dothideomycetes","o__Capnodiales","f__Teratosphaeriaceae","g__Devriesia",NA
"ASV_1044","k__Fungi","p__Ascomycota","c__Sordariomycetes","o__Diaporthales","f__Valsaceae",NA,NA
"ASV_1046","k__Fungi","p__Basidiomycota","c__Agaricomycetes","o__Agaricales","f__Strophariaceae","g__Hypholoma","s__lateritium"
"ASV_1047","k__Fungi","p__Ascomycota","c__Dothideomycetes","o__Pleosporales",NA,NA,NA
"ASV_1049",NA,NA,NA,NA,NA,NA,NA
"ASV_1050","k__Fungi","p__Ascomycota","c__Eurotiomycetes","o__Chaetothyriales","f__Herpotrichiellaceae",NA,NA
"ASV_1051","k__Fungi","p__Ascomycota","c__Leotiomycetes","o__Helotiales","f__Helotiaceae",NA,NA
"ASV_1053","k__Fungi","p__Ascomycota","c__Lecanoromycetes","o__Caliciales","f__Physciaceae","g__Physcia","s__millegrana"
"ASV_1057","k__Fungi","p__Basidiomycota","c__Tremellomycetes","o__Tremellales","f__Bulleribasidiaceae","g__Vishniacozyma","s__dimennae"
"ASV_1063",NA,NA,NA,NA,NA,NA,NA
"ASV_1065","k__Fungi","p__Ascomycota","c__Dothideomycetes","o__Capnodiales",NA,NA,NA
"ASV_1072",NA,NA,NA,NA,NA,NA,NA
"ASV_1076",NA,NA,NA,NA,NA,NA,NA
"ASV_1077","k__Fungi","p__Ascomycota","c__Dothideomycetes","o__Dothideales",NA,NA,NA
"ASV_1078","k__Fungi","p__Ascomycota","c__Sordariomycetes","o__Hypocreales","f__Nectriaceae","g__Neonectria","s__faginata"
"ASV_1079","k__Fungi","p__Ascomycota","c__Eurotiomycetes","o__Eurotiales","f__Aspergillaceae","g__Penicillium","s__penicillioides"
"ASV_1080","k__Fungi","p__Ascomycota","c__Lecanoromycetes","o__Lecanorales","f__Ramalinaceae","g__Bacidina",NA
"ASV_1082","k__Fungi","p__Ascomycota","c__Eurotiomycetes","o__Phaeomoniellales","f__Phaeomoniellaceae",NA,NA
"ASV_1083","k__Fungi","p__Ascomycota","c__Dothideomycetes","o__Capnodiales",NA,NA,NA
"ASV_1085","k__Fungi","p__Ascomycota","c__Sordariomycetes","o__Hypocreales","f__Nectriaceae","g__Neonectria","s__faginata"
"ASV_1091","k__Fungi","p__Ascomycota","c__Lecanoromycetes","o__Lecanorales","f__Lecanoraceae","g__Lecanora",NA
"ASV_1100","k__Fungi","p__Ascomycota","c__Eurotiomycetes","o__Chaetothyriales","f__Herpotrichiellaceae",NA,NA
"ASV_1104","k__Fungi","p__Ascomycota","c__Eurotiomycetes","o__Verrucariales","f__Verrucariaceae",NA,NA
"ASV_1105","k__Fungi","p__Ascomycota",NA,NA,NA,NA,NA
"ASV_1106","k__Fungi","p__Ascomycota",NA,NA,NA,NA,NA
"ASV_1110","k__Fungi","p__Ascomycota","c__Dothideomycetes","o__Pleosporales","f__Coniothyriaceae",NA,NA
"ASV_1111",NA,NA,NA,NA,NA,NA,NA
"ASV_1116","k__Fungi","p__Basidiomycota","c__Agaricomycetes",NA,NA,NA,NA
"ASV_1117","k__Fungi",NA,NA,NA,NA,NA,NA
"ASV_1120",NA,NA,NA,NA,NA,NA,NA
"ASV_1121","k__Fungi","p__Ascomycota","c__Dothideomycetes","o__Pleosporales","f__Occultibambusaceae","g__Brunneofusispora","s__sinensis"
"ASV_1122","k__Fungi","p__Ascomycota","c__Dothideomycetes","o__Pleosporales","f__Didymellaceae",NA,NA
"ASV_1126",NA,NA,NA,NA,NA,NA,NA
"ASV_1129","k__Fungi","p__Basidiomycota","c__Tremellomycetes","o__Tremellales",NA,NA,NA
"ASV_1130","k__Fungi","p__Ascomycota","c__Dothideomycetes","o__Myriangiales","f__Myriangiaceae","g__Myriangium","s__duriaei"
"ASV_1132",NA,NA,NA,NA,NA,NA,NA
"ASV_1135","k__Fungi","p__Ascomycota",NA,NA,NA,NA,NA
"ASV_1136","k__Fungi","p__Ascomycota","c__Dothideomycetes","o__Pleosporales",NA,NA,NA
"ASV_1138","k__Fungi","p__Ascomycota","c__Lecanoromycetes","o__Caliciales","f__Physciaceae","g__Physcia","s__millegrana"
"ASV_1143","k__Fungi","p__Ascomycota","c__Dothideomycetes","o__Pleosporales",NA,NA,NA
"ASV_1144","k__Fungi","p__Ascomycota","c__Lecanoromycetes","o__Lecanorales",NA,NA,NA
"ASV_1145","k__Fungi","p__Ascomycota","c__Dothideomycetes",NA,NA,NA,NA
"ASV_1147","k__Fungi","p__Ascomycota","c__Lecanoromycetes",NA,NA,NA,NA
"ASV_1148","k__Fungi","p__Ascomycota","c__Eurotiomycetes","o__Chaetothyriales","f__Herpotrichiellaceae","g__Veronaea",NA
"ASV_1149",NA,NA,NA,NA,NA,NA,NA
"ASV_1150","k__Fungi","p__Basidiomycota","c__Agaricomycetes","o__Hymenochaetales","f__Schizoporaceae","g__Xylodon","s__asperus"
"ASV_1154","k__Fungi","p__Basidiomycota","c__Agaricomycetes","o__Agaricales","f__Strophariaceae","g__Pholiota","s__lenta"
"ASV_1157",NA,NA,NA,NA,NA,NA,NA
"ASV_1159","k__Fungi","p__Ascomycota","c__Dothideomycetes","o__Pleosporales","f__Lentitheciaceae","g__Murilentithecium",NA
"ASV_1160",NA,NA,NA,NA,NA,NA,NA
"ASV_1162","k__Fungi","p__Ascomycota","c__Sordariomycetes","o__Sordariales","f__Lasiosphaeriaceae","g__Apodus",NA
"ASV_1170","k__Fungi","p__Ascomycota","c__Orbiliomycetes","o__Orbiliales","f__Orbiliales_fam_Incertae_sedis","g__Lecophagus",NA
"ASV_1171","k__Fungi","p__Ascomycota","c__Leotiomycetes","o__Helotiales","f__Hyaloscyphaceae","g__Trichopeziza","s__mollissima"
"ASV_1172","k__Fungi","p__Ascomycota","c__Sordariomycetes","o__Glomerellales","f__Plectosphaerellaceae","g__Gibellulopsis","s__nigrescens"
"ASV_1173","k__Fungi","p__Ascomycota","c__Dothideomycetes","o__Pleosporales",NA,NA,NA
"ASV_1176","k__Fungi","p__Ascomycota",NA,NA,NA,NA,NA
"ASV_1178","k__Fungi","p__Ascomycota","c__Lecanoromycetes","o__Lecanorales","f__Micareaceae","g__Micarea","s__czarnotae"
"ASV_1183","k__Fungi","p__Ascomycota","c__Sordariomycetes","o__Sordariales",NA,NA,NA
"ASV_1184","k__Fungi","p__Basidiomycota","c__Cystobasidiomycetes",NA,NA,NA,NA
"ASV_1199",NA,NA,NA,NA,NA,NA,NA
"ASV_1200","k__Fungi","p__Basidiomycota","c__Agaricomycetes","o__Boletales","f__Serpulaceae","g__Serpula","s__himantioides"
"ASV_1201","k__Fungi","p__Ascomycota","c__Dothideomycetes","o__Pleosporales","f__Dacampiaceae","g__Eopyrenula","s__leucoplaca"
"ASV_1207","k__Fungi","p__Ascomycota","c__Eurotiomycetes","o__Chaetothyriales","f__Epibryaceae","g__Epibryon","s__interlamellare"
"ASV_1209",NA,NA,NA,NA,NA,NA,NA
"ASV_1210","k__Fungi","p__Ascomycota","c__Orbiliomycetes","o__Orbiliales","f__Orbiliaceae","g__Orbilia","s__euonymi"
"ASV_1216","k__Fungi","p__Ascomycota","c__Sordariomycetes","o__Hypocreales","f__Ophiocordycipitaceae","g__Ophiocordyceps","s__sessilis"
"ASV_1217","k__Fungi","p__Ascomycota","c__Dothideomycetes","o__Capnodiales","f__Teratosphaeriaceae","g__Devriesia",NA
"ASV_1218","k__Fungi","p__Ascomycota",NA,NA,NA,NA,NA
"ASV_1227","k__Fungi","p__Basidiomycota","c__Agaricostilbomycetes","o__Agaricostilbales","f__Chionosphaeraceae",NA,NA
"ASV_1228","k__Fungi","p__Ascomycota","c__Arthoniomycetes","o__Arthoniales","f__Opegraphaceae","g__Opegrapha","s__vermicellifera"
"ASV_1229","k__Fungi","p__Basidiomycota","c__Agaricostilbomycetes","o__Agaricostilbales","f__Chionosphaeraceae",NA,NA
"ASV_1233","k__Fungi","p__Basidiomycota","c__Agaricostilbomycetes",NA,NA,NA,NA
"ASV_1235","k__Fungi","p__Basidiomycota","c__Tremellomycetes","o__Tremellales",NA,NA,NA
"ASV_1239","k__Fungi","p__Basidiomycota","c__Agaricomycetes","o__Trechisporales","f__Hydnodontaceae","g__Trechispora",NA
"ASV_1241","k__Fungi","p__Basidiomycota","c__Agaricomycetes","o__Polyporales","f__Meruliaceae","g__Scopuloides","s__hydnoides"
"ASV_1242","k__Fungi","p__Basidiomycota","c__Tremellomycetes","o__Tremellales","f__Bulleribasidiaceae",NA,NA
"ASV_1248","k__Fungi","p__Ascomycota","c__Eurotiomycetes","o__Chaetothyriales","f__Herpotrichiellaceae","g__Exophiala","s__sideris"
"ASV_1254",NA,NA,NA,NA,NA,NA,NA
"ASV_1256","k__Fungi","p__Basidiomycota","c__Agaricomycetes","o__Agaricomycetes_ord_Incertae_sedis","f__Agaricomycetes_fam_Incertae_sedis","g__Dendrothele","s__griseocana"
"ASV_1257","k__Fungi","p__Chytridiomycota","c__Spizellomycetes","o__Spizellomycetales","f__Powellomycetaceae","g__Powellomyces",NA
"ASV_1262","k__Fungi","p__Ascomycota","c__Dothideomycetes",NA,NA,NA,NA
"ASV_1265","k__Fungi","p__Ascomycota","c__Orbiliomycetes",NA,NA,NA,NA
"ASV_1266","k__Fungi","p__Basidiomycota","c__Agaricomycetes","o__Agaricales","f__Cortinariaceae","g__Cortinarius",NA
"ASV_1267","k__Fungi","p__Ascomycota","c__Orbiliomycetes","o__Orbiliales","f__Orbiliaceae",NA,NA
"ASV_1270","k__Fungi","p__Ascomycota","c__Lecanoromycetes","o__Lecanorales","f__Ramalinaceae","g__Lecania","s__furfuracea"
"ASV_1272","k__Fungi","p__Basidiomycota","c__Microbotryomycetes","o__Sporidiobolales","f__Sporidiobolaceae","g__Rhodosporidiobolus","s__colostri"
"ASV_1277",NA,NA,NA,NA,NA,NA,NA
"ASV_1280","k__Fungi","p__Ascomycota",NA,NA,NA,NA,NA
"ASV_1300","k__Fungi","p__Ascomycota","c__Orbiliomycetes","o__Orbiliales","f__Orbiliaceae","g__Retiarius",NA
"ASV_1316","k__Fungi","p__Basidiomycota","c__Agaricomycetes","o__Agaricales","f__Psathyrellaceae","g__Coprinellus",NA
